Product code,Name,Group code,Brand name,Inventory,Cost price,Sale price,Condition
1,Product test 1,4,Brand test 1,113.63,378.31,922.78,Used
2,Product test 2,3,Brand test 5,409.76,77.59,855.91,Used
3,Product test 3,5,Brand test 4,487.20,305.86,584.01,Used
4,Product test 4,3,Brand test 3,473.98,23.90,174.34,New
5,Product test 5,2,Brand test 5,388.87,304.92,577.37,New
6,Product test 6,3,Brand test 1,222.44,18.13,148.21,Used
7,Product test 7,4,Brand test 2,114.89,36.17,592.59,Used
8,Product test 8,2,Brand test 2,134.86,380.45,503.85,New
9,Product test 9,5,Brand test 3,449.67,26.18,839.13,New
10,Product test 10,4,Brand test 1,373.52,383.64,940.47,New
11,Product test 11,3,Brand test 4,489.54,243.81,696.36,Used
12,Product test 12,4,Brand test 2,191.23,26.59,756.91,New
13,Product test 13,2,Brand test 4,448.05,279.87,757.77,Used
14,Product test 14,4,Brand test 3,357.63,354.13,748.33,Used
15,Product test 15,5,Brand test 5,430.02,337.23,927.34,Used
16,Product test 16,4,Brand test 3,160.21,55.88,990.11,Used
17,Product test 17,5,Brand test 3,264.59,296.29,473.13,Used
18,Product test 18,4,Brand test 5,91.77,105.34,698.43,New
19,Product test 19,2,Brand test 5,44.51,62.01,925.14,Used
20,Product test 20,5,Brand test 1,44.14,225.96,329.71,Used
21,Product test 21,2,Brand test 2,282.15,288.83,545.73,New
22,Product test 22,2,Brand test 3,208.93,10.85,617.28,New
23,Product test 23,4,Brand test 3,96.01,159.00,201.39,New
24,Product test 24,5,Brand test 4,218.59,470.31,873.00,New
25,Product test 25,2,Brand test 4,344.63,274.78,467.42,New
26,Product test 26,4,Brand test 1,286.88,240.56,677.10,Used
27,Product test 27,2,Brand test 5,62.75,339.11,452.34,New
28,Product test 28,2,Brand test 5,194.38,439.21,643.82,Used
29,Product test 29,4,Brand test 4,266.22,78.89,809.99,New
30,Product test 30,2,Brand test 1,345.33,356.26,787.17,Used
31,Product test 31,4,Brand test 1,97.65,339.30,367.21,New
32,Product test 32,5,Brand test 1,331.79,289.30,373.49,New
33,Product test 33,4,Brand test 5,360.78,224.18,485.58,New
34,Product test 34,2,Brand test 2,203.36,145.31,954.47,New
35,Product test 35,2,Brand test 2,262.23,436.30,607.44,Used
36,Product test 36,2,Brand test 5,244.12,161.35,622.62,Used
37,Product test 37,2,Brand test 5,192.73,403.22,449.75,New
38,Product test 38,3,Brand test 4,191.84,128.09,291.87,Used
39,Product test 39,2,Brand test 4,252.60,73.71,786.72,Used
40,Product test 40,2,Brand test 3,422.44,205.43,726.02,New
41,Product test 41,3,Brand test 2,366.38,471.77,529.65,New
42,Product test 42,3,Brand test 5,133.20,51.25,669.70,Used
43,Product test 43,4,Brand test 3,274.68,93.33,986.75,Used
44,Product test 44,2,Brand test 2,90.33,52.19,424.45,Used
45,Product test 45,2,Brand test 1,418.37,447.40,960.04,Used
46,Product test 46,5,Brand test 4,380.61,479.10,877.97,Used
47,Product test 47,2,Brand test 3,295.55,119.39,172.02,Used
48,Product test 48,4,Brand test 1,231.75,445.64,922.53,New
49,Product test 49,4,Brand test 4,235.62,18.67,74.59,New
50,Product test 50,5,Brand test 3,131.40,253.93,774.16,New
51,Product test 51,3,Brand test 2,495.57,54.80,738.51,New
52,Product test 52,4,Brand test 5,328.72,105.50,600.77,Used
53,Product test 53,4,Brand test 5,308.30,160.50,709.80,New
54,Product test 54,2,Brand test 3,150.85,472.03,990.74,Used
55,Product test 55,3,Brand test 3,226.78,175.74,677.45,Used
56,Product test 56,5,Brand test 2,473.44,327.69,977.02,Used
57,Product test 57,4,Brand test 2,498.36,355.80,364.67,Used
58,Product test 58,4,Brand test 2,498.33,66.30,693.86,New
59,Product test 59,5,Brand test 2,237.35,219.29,661.95,Used
60,Product test 60,5,Brand test 1,79.14,463.19,802.84,Used
61,Product test 61,4,Brand test 5,231.18,48.62,660.07,Used
62,Product test 62,5,Brand test 4,233.19,422.15,468.97,Used
63,Product test 63,5,Brand test 1,252.02,310.09,450.46,Used
64,Product test 64,4,Brand test 4,112.56,448.39,867.41,Used
65,Product test 65,5,Brand test 4,245.02,45.52,127.85,Used
66,Product test 66,3,Brand test 3,312.78,277.95,642.01,Used
67,Product test 67,3,Brand test 4,280.78,91.08,193.86,New
68,Product test 68,5,Brand test 5,447.48,445.73,671.82,Used
69,Product test 69,3,Brand test 4,49.49,277.76,615.79,New
70,Product test 70,3,Brand test 4,180.04,203.21,603.82,Used
71,Product test 71,5,Brand test 5,397.37,221.35,877.64,New
72,Product test 72,2,Brand test 4,146.65,162.13,930.85,New
73,Product test 73,5,Brand test 5,155.45,101.37,486.05,New
74,Product test 74,2,Brand test 4,48.00,227.57,893.49,Used
75,Product test 75,4,Brand test 2,184.72,177.73,217.16,Used
76,Product test 76,4,Brand test 5,438.43,222.20,469.88,New
77,Product test 77,3,Brand test 5,182.12,288.68,911.39,Used
78,Product test 78,4,Brand test 1,374.60,167.70,377.12,Used
79,Product test 79,4,Brand test 1,55.81,450.04,859.60,Used
80,Product test 80,5,Brand test 4,401.07,271.17,974.98,New
81,Product test 81,3,Brand test 5,137.07,26.35,184.25,Used
82,Product test 82,2,Brand test 3,378.87,119.50,550.05,New
83,Product test 83,4,Brand test 5,55.61,47.27,297.08,Used
84,Product test 84,2,Brand test 3,276.15,402.61,525.35,New
85,Product test 85,2,Brand test 2,97.77,424.68,761.42,New
86,Product test 86,5,Brand test 2,444.69,35.30,804.75,New
87,Product test 87,5,Brand test 2,273.68,445.84,477.36,New
88,Product test 88,3,Brand test 4,175.96,392.32,548.07,Used
89,Product test 89,3,Brand test 5,71.63,72.23,989.96,Used
90,Product test 90,2,Brand test 3,44.34,7.47,967.27,Used
91,Product test 91,2,Brand test 2,217.32,70.67,148.30,New
92,Product test 92,5,Brand test 3,467.89,498.38,871.52,Used
93,Product test 93,4,Brand test 5,141.79,367.62,590.66,New
94,Product test 94,5,Brand test 2,273.67,406.01,677.61,Used
95,Product test 95,3,Brand test 4,400.06,394.80,653.31,New
96,Product test 96,2,Brand test 4,185.40,450.85,865.39,New
97,Product test 97,5,Brand test 1,233.71,234.03,510.13,Used
98,Product test 98,5,Brand test 2,269.09,224.50,499.56,New
99,Product test 99,3,Brand test 4,473.18,214.27,628.94,Used
100,Product test 100,5,Brand test 5,461.11,308.21,691.77,Used
101,Product test 101,5,Brand test 4,271.05,370.15,777.25,Used
102,Product test 102,4,Brand test 2,25.87,461.23,798.60,Used
103,Product test 103,2,Brand test 1,91.38,133.38,682.62,Used
104,Product test 104,5,Brand test 3,396.12,248.07,661.40,New
105,Product test 105,5,Brand test 3,450.60,77.78,757.49,New
106,Product test 106,5,Brand test 3,367.00,366.11,876.36,New
107,Product test 107,5,Brand test 3,113.26,296.08,366.07,New
108,Product test 108,5,Brand test 3,290.18,58.03,580.25,New
109,Product test 109,5,Brand test 4,280.90,5.87,339.71,New
110,Product test 110,2,Brand test 4,467.94,374.01,421.06,Used
111,Product test 111,4,Brand test 1,92.63,356.04,931.38,New
112,Product test 112,2,Brand test 1,356.75,74.57,572.22,New
113,Product test 113,1,Brand test 3,220.42,354.48,966.25,New
114,Product test 114,4,Brand test 3,463.42,135.95,323.77,New
115,Product test 115,5,Brand test 2,276.19,247.86,754.77,New
116,Product test 116,5,Brand test 1,56.73,100.76,312.21,Used
117,Product test 117,2,Brand test 5,27.35,209.63,827.70,Used
118,Product test 118,4,Brand test 3,430.19,12.91,654.07,Used
119,Product test 119,2,Brand test 1,86.53,29.74,412.23,Used
120,Product test 120,2,Brand test 5,400.24,286.78,656.63,New
121,Product test 121,4,Brand test 4,180.34,101.52,864.85,New
122,Product test 122,4,Brand test 1,467.39,15.87,839.68,New
123,Product test 123,4,Brand test 2,283.61,285.23,846.37,Used
124,Product test 124,2,Brand test 1,67.85,312.76,569.30,New
125,Product test 125,5,Brand test 4,322.45,105.02,180.84,New
126,Product test 126,4,Brand test 5,366.29,332.44,800.75,New
127,Product test 127,5,Brand test 3,241.42,243.14,739.31,New
128,Product test 128,3,Brand test 1,291.79,406.98,414.46,Used
129,Product test 129,5,Brand test 4,153.83,479.97,896.30,New
130,Product test 130,2,Brand test 2,283.44,261.78,381.68,Used
131,Product test 131,3,Brand test 1,115.81,167.63,386.61,Used
132,Product test 132,3,Brand test 2,88.17,44.25,679.08,Used
133,Product test 133,3,Brand test 5,174.36,418.61,674.40,Used
134,Product test 134,3,Brand test 2,377.59,283.26,494.38,Used
135,Product test 135,3,Brand test 3,30.40,248.55,775.15,Used
136,Product test 136,1,Brand test 2,299.44,261.30,498.68,New
137,Product test 137,5,Brand test 1,80.83,107.74,502.00,New
138,Product test 138,4,Brand test 1,372.28,221.63,295.22,Used
139,Product test 139,2,Brand test 3,423.57,320.31,569.26,Used
140,Product test 140,3,Brand test 2,358.56,456.33,843.62,Used
141,Product test 141,2,Brand test 5,358.50,445.49,755.37,New
142,Product test 142,3,Brand test 2,193.35,398.87,445.39,Used
143,Product test 143,3,Brand test 1,476.19,58.84,837.93,New
144,Product test 144,2,Brand test 2,321.55,223.49,680.46,Used
145,Product test 145,5,Brand test 2,352.67,176.84,354.90,New
146,Product test 146,3,Brand test 4,118.26,335.25,944.70,New
147,Product test 147,2,Brand test 1,4.17,157.84,316.58,New
148,Product test 148,2,Brand test 1,50.98,259.85,444.17,New
149,Product test 149,3,Brand test 1,277.44,256.63,546.71,New
150,Product test 150,5,Brand test 1,184.58,34.76,194.78,Used
151,Product test 151,4,Brand test 5,192.31,466.47,537.61,Used
152,Product test 152,1,Brand test 4,380.99,133.36,470.41,Used
153,Product test 153,3,Brand test 3,311.95,470.80,508.45,Used
154,Product test 154,5,Brand test 4,355.36,445.19,836.81,New
155,Product test 155,2,Brand test 4,198.49,415.59,681.51,New
156,Product test 156,4,Brand test 2,308.24,395.31,916.23,Used
157,Product test 157,2,Brand test 5,142.34,301.58,490.41,Used
158,Product test 158,3,Brand test 4,241.83,187.31,386.05,Used
159,Product test 159,5,Brand test 5,226.82,60.69,513.49,New
160,Product test 160,4,Brand test 5,405.86,381.62,387.13,Used
161,Product test 161,3,Brand test 5,276.17,134.60,560.90,Used
162,Product test 162,4,Brand test 1,231.84,489.86,752.51,Used
163,Product test 163,5,Brand test 3,249.19,399.81,656.39,New
164,Product test 164,4,Brand test 5,13.20,78.71,110.60,Used
165,Product test 165,3,Brand test 3,221.87,16.84,253.60,Used
166,Product test 166,2,Brand test 5,454.94,431.08,933.79,Used
167,Product test 167,2,Brand test 2,495.40,197.47,820.55,Used
168,Product test 168,2,Brand test 5,119.04,444.47,493.69,New
169,Product test 169,3,Brand test 5,114.81,198.74,479.56,Used
170,Product test 170,5,Brand test 3,299.81,206.91,560.44,Used
171,Product test 171,4,Brand test 3,313.07,499.72,829.26,New
172,Product test 172,4,Brand test 1,468.04,392.10,531.51,New
173,Product test 173,2,Brand test 3,47.67,79.41,174.04,New
174,Product test 174,4,Brand test 4,347.21,270.81,778.49,Used
175,Product test 175,3,Brand test 3,90.34,178.32,518.22,New
176,Product test 176,2,Brand test 5,13.67,374.19,751.59,New
177,Product test 177,3,Brand test 4,271.96,190.01,464.69,New
178,Product test 178,2,Brand test 2,73.71,325.79,477.56,New
179,Product test 179,3,Brand test 4,110.09,334.82,806.84,Used
180,Product test 180,5,Brand test 5,196.63,351.47,469.41,Used
181,Product test 181,4,Brand test 2,367.73,293.83,457.47,New
182,Product test 182,3,Brand test 2,79.45,185.48,756.05,Used
183,Product test 183,3,Brand test 3,93.36,255.64,626.60,New
184,Product test 184,4,Brand test 1,81.92,126.93,714.89,Used
185,Product test 185,2,Brand test 3,410.45,281.94,637.32,New
186,Product test 186,3,Brand test 4,117.87,22.72,192.67,New
187,Product test 187,5,Brand test 5,164.55,395.05,636.38,Used
188,Product test 188,4,Brand test 2,66.44,168.54,859.93,Used
189,Product test 189,3,Brand test 4,360.08,114.26,921.81,New
190,Product test 190,4,Brand test 2,64.47,299.34,967.90,Used
191,Product test 191,5,Brand test 1,297.49,464.54,538.42,Used
192,Product test 192,5,Brand test 2,202.69,95.08,272.61,Used
193,Product test 193,5,Brand test 1,210.22,30.08,933.13,Used
194,Product test 194,3,Brand test 2,1.25,431.73,438.19,New
195,Product test 195,2,Brand test 3,352.25,44.12,216.47,New
196,Product test 196,3,Brand test 4,71.00,487.33,637.70,New
197,Product test 197,5,Brand test 2,97.27,41.11,122.21,Used
198,Product test 198,4,Brand test 5,350.70,413.46,984.17,Used
199,Product test 199,4,Brand test 1,11.45,208.85,688.43,New
200,Product test 200,4,Brand test 4,280.37,320.71,791.83,New
201,Product test 201,5,Brand test 5,454.82,152.76,264.87,Used
202,Product test 202,3,Brand test 4,493.40,401.93,907.65,Used
203,Product test 203,3,Brand test 3,266.93,342.87,836.01,New
204,Product test 204,3,Brand test 3,64.88,33.96,996.42,Used
205,Product test 205,2,Brand test 3,79.42,41.92,856.60,New
206,Product test 206,3,Brand test 2,70.08,91.17,254.54,Used
207,Product test 207,5,Brand test 1,310.74,71.23,774.59,New
208,Product test 208,2,Brand test 2,418.04,157.97,391.82,New
209,Product test 209,2,Brand test 3,215.73,310.15,812.85,New
210,Product test 210,3,Brand test 2,268.19,442.02,617.96,New
211,Product test 211,2,Brand test 4,412.13,105.90,707.75,Used
212,Product test 212,3,Brand test 4,59.36,356.06,858.30,New
213,Product test 213,4,Brand test 5,151.98,258.56,724.25,Used
214,Product test 214,4,Brand test 1,335.96,12.80,630.72,New
215,Product test 215,5,Brand test 1,308.94,373.88,920.00,New
216,Product test 216,2,Brand test 4,164.30,277.72,984.84,New
217,Product test 217,5,Brand test 4,421.22,235.90,460.44,Used
218,Product test 218,2,Brand test 1,121.09,221.83,288.07,New
219,Product test 219,2,Brand test 3,114.61,31.82,177.21,New
220,Product test 220,5,Brand test 1,67.94,162.77,938.11,Used
221,Product test 221,2,Brand test 5,261.46,84.52,652.81,New
222,Product test 222,4,Brand test 2,18.43,321.87,819.91,New
223,Product test 223,4,Brand test 4,356.95,498.34,705.34,New
224,Product test 224,4,Brand test 5,393.86,83.81,157.14,Used
225,Product test 225,2,Brand test 5,210.16,247.55,499.04,Used
226,Product test 226,3,Brand test 4,6.28,125.44,277.57,New
227,Product test 227,5,Brand test 5,410.36,128.74,698.94,New
228,Product test 228,4,Brand test 3,317.56,308.00,891.58,Used
229,Product test 229,5,Brand test 4,78.98,430.48,836.07,New
230,Product test 230,2,Brand test 1,402.51,98.84,895.48,New
231,Product test 231,4,Brand test 1,21.53,9.67,297.31,New
232,Product test 232,2,Brand test 1,70.95,340.79,857.72,New
233,Product test 233,3,Brand test 1,219.47,282.43,310.37,Used
234,Product test 234,5,Brand test 4,75.33,88.61,368.43,Used
235,Product test 235,2,Brand test 4,461.16,78.20,368.78,New
236,Product test 236,4,Brand test 5,153.66,241.21,600.75,Used
237,Product test 237,2,Brand test 3,415.31,301.75,686.65,Used
238,Product test 238,2,Brand test 4,330.76,103.22,221.89,Used
239,Product test 239,5,Brand test 3,166.59,285.07,974.46,Used
240,Product test 240,2,Brand test 4,434.44,191.39,277.63,Used
241,Product test 241,5,Brand test 5,293.74,155.31,696.25,Used
242,Product test 242,4,Brand test 2,294.66,103.54,334.81,Used
243,Product test 243,2,Brand test 4,361.38,145.79,420.26,Used
244,Product test 244,4,Brand test 1,221.36,36.51,794.23,New
245,Product test 245,4,Brand test 3,480.87,227.15,647.47,New
246,Product test 246,5,Brand test 1,437.62,485.79,934.81,New
247,Product test 247,3,Brand test 2,81.26,483.69,607.34,Used
248,Product test 248,2,Brand test 3,226.67,359.25,665.11,New
249,Product test 249,5,Brand test 2,47.22,351.19,921.96,Used
250,Product test 250,5,Brand test 1,343.30,380.37,570.86,Used
251,Product test 251,5,Brand test 3,481.54,449.21,453.69,Used
252,Product test 252,3,Brand test 1,493.45,307.44,589.06,New
253,Product test 253,4,Brand test 3,37.32,238.70,805.59,New
254,Product test 254,5,Brand test 2,117.63,241.73,869.65,Used
255,Product test 255,3,Brand test 1,233.91,60.18,925.35,Used
256,Product test 256,3,Brand test 5,490.78,311.66,763.24,New
257,Product test 257,3,Brand test 1,92.16,422.08,489.18,Used
258,Product test 258,3,Brand test 2,290.92,396.29,910.40,Used
259,Product test 259,3,Brand test 1,262.64,433.48,844.22,New
260,Product test 260,2,Brand test 3,46.24,281.19,476.74,Used
261,Product test 261,2,Brand test 3,216.20,468.68,962.43,Used
262,Product test 262,4,Brand test 4,150.85,188.40,835.52,New
263,Product test 263,5,Brand test 1,486.58,185.57,466.57,Used
264,Product test 264,4,Brand test 5,450.08,437.72,715.42,New
265,Product test 265,2,Brand test 4,87.48,368.43,765.88,Used
266,Product test 266,2,Brand test 5,469.00,394.66,620.28,New
267,Product test 267,3,Brand test 2,310.58,222.82,630.71,New
268,Product test 268,3,Brand test 4,5.69,257.04,677.48,New
269,Product test 269,2,Brand test 3,151.37,376.98,474.53,New
270,Product test 270,4,Brand test 2,117.08,177.73,333.37,New
271,Product test 271,2,Brand test 3,92.82,88.24,712.93,New
272,Product test 272,4,Brand test 4,203.70,212.37,351.25,New
273,Product test 273,3,Brand test 1,126.33,433.75,523.74,New
274,Product test 274,3,Brand test 2,335.99,59.46,360.48,Used
275,Product test 275,5,Brand test 5,314.36,68.03,795.07,Used
276,Product test 276,3,Brand test 1,109.16,151.04,634.99,New
277,Product test 277,3,Brand test 4,351.43,167.39,805.82,New
278,Product test 278,5,Brand test 5,368.57,362.87,761.60,New
279,Product test 279,3,Brand test 1,187.78,356.54,467.07,Used
280,Product test 280,5,Brand test 2,410.81,244.98,728.69,Used
281,Product test 281,2,Brand test 3,458.93,364.96,510.41,Used
282,Product test 282,4,Brand test 2,54.13,89.50,921.71,Used
283,Product test 283,4,Brand test 4,80.15,488.89,628.16,Used
284,Product test 284,2,Brand test 4,470.59,204.61,781.55,New
285,Product test 285,2,Brand test 1,368.44,33.21,397.54,New
286,Product test 286,2,Brand test 5,159.57,99.96,803.88,New
287,Product test 287,2,Brand test 5,180.36,171.40,551.46,Used
288,Product test 288,3,Brand test 3,369.19,10.37,974.50,New
289,Product test 289,5,Brand test 1,133.05,287.32,566.82,New
290,Product test 290,3,Brand test 1,55.92,253.53,727.09,Used
291,Product test 291,3,Brand test 2,95.82,481.25,854.44,Used
292,Product test 292,5,Brand test 3,92.16,278.50,849.23,Used
293,Product test 293,5,Brand test 5,480.56,409.15,490.04,Used
294,Product test 294,2,Brand test 2,46.05,395.09,686.96,New
295,Product test 295,4,Brand test 4,35.97,471.28,654.10,Used
296,Product test 296,3,Brand test 3,366.12,198.97,412.37,New
297,Product test 297,2,Brand test 2,158.36,202.81,753.77,Used
298,Product test 298,3,Brand test 4,308.33,326.14,555.69,Used
299,Product test 299,4,Brand test 1,12.43,344.71,509.81,New
300,Product test 300,2,Brand test 3,99.26,75.56,194.70,New
301,Product test 301,2,Brand test 4,489.47,145.52,493.47,New
302,Product test 302,5,Brand test 5,203.10,78.42,99.42,Used
303,Product test 303,2,Brand test 1,123.55,372.69,449.28,Used
304,Product test 304,3,Brand test 5,144.77,83.43,528.67,New
305,Product test 305,3,Brand test 2,209.70,160.55,306.18,Used
306,Product test 306,5,Brand test 1,416.63,305.74,793.64,New
307,Product test 307,4,Brand test 2,392.79,366.36,528.33,Used
308,Product test 308,3,Brand test 4,19.54,34.61,824.30,New
309,Product test 309,2,Brand test 4,392.53,463.67,510.97,Used
310,Product test 310,4,Brand test 4,27.82,439.88,462.71,New
311,Product test 311,4,Brand test 2,61.61,315.88,926.25,New
312,Product test 312,3,Brand test 2,417.56,120.58,226.71,Used
313,Product test 313,2,Brand test 3,47.71,474.59,913.71,Used
314,Product test 314,5,Brand test 4,169.44,243.27,938.70,Used
315,Product test 315,4,Brand test 4,72.26,464.99,641.95,New
316,Product test 316,2,Brand test 5,19.10,493.43,762.43,New
317,Product test 317,3,Brand test 2,12.71,146.86,356.17,New
318,Product test 318,4,Brand test 2,137.25,173.85,272.29,New
319,Product test 319,3,Brand test 5,428.40,117.14,293.00,New
320,Product test 320,2,Brand test 4,122.63,290.90,380.96,Used
321,Product test 321,2,Brand test 2,108.65,320.34,975.86,New
322,Product test 322,3,Brand test 5,135.18,312.23,384.00,Used
323,Product test 323,4,Brand test 4,116.53,235.12,284.09,Used
324,Product test 324,2,Brand test 1,121.84,270.78,938.34,Used
325,Product test 325,5,Brand test 3,68.65,239.91,841.41,New
326,Product test 326,3,Brand test 3,88.79,447.88,870.04,Used
327,Product test 327,3,Brand test 1,379.90,209.86,582.87,Used
328,Product test 328,3,Brand test 4,435.23,248.78,532.74,New
329,Product test 329,3,Brand test 1,148.41,468.58,943.52,Used
330,Product test 330,2,Brand test 5,371.76,238.65,837.60,New
331,Product test 331,2,Brand test 1,327.61,249.95,742.86,Used
332,Product test 332,4,Brand test 4,288.16,344.81,643.03,New
333,Product test 333,5,Brand test 2,444.35,422.59,701.84,New
334,Product test 334,4,Brand test 1,141.03,392.89,472.19,Used
335,Product test 335,3,Brand test 4,17.13,395.87,766.27,New
336,Product test 336,2,Brand test 1,326.13,471.38,965.94,New
337,Product test 337,4,Brand test 1,149.62,245.61,492.53,New
338,Product test 338,2,Brand test 4,329.37,223.71,807.86,New
339,Product test 339,4,Brand test 1,108.33,88.76,679.39,New
340,Product test 340,2,Brand test 3,231.31,113.02,253.96,New
341,Product test 341,5,Brand test 1,34.10,255.60,556.10,Used
342,Product test 342,4,Brand test 2,197.58,194.83,307.95,New
343,Product test 343,4,Brand test 1,463.27,345.83,731.04,Used
344,Product test 344,2,Brand test 4,211.49,62.78,99.03,New
345,Product test 345,4,Brand test 4,17.16,386.23,845.01,Used
346,Product test 346,5,Brand test 2,486.22,327.59,597.72,New
347,Product test 347,3,Brand test 1,23.62,401.44,703.35,Used
348,Product test 348,2,Brand test 5,55.31,171.82,174.39,Used
349,Product test 349,4,Brand test 3,341.89,396.87,484.70,New
350,Product test 350,2,Brand test 3,283.19,14.53,497.77,New
351,Product test 351,5,Brand test 4,324.94,228.54,441.47,New
352,Product test 352,4,Brand test 5,368.69,110.99,201.42,Used
353,Product test 353,3,Brand test 4,202.08,142.21,868.86,Used
354,Product test 354,5,Brand test 5,222.17,110.83,617.84,Used
355,Product test 355,2,Brand test 3,320.41,239.56,308.08,New
356,Product test 356,4,Brand test 4,151.98,417.24,642.48,New
357,Product test 357,4,Brand test 5,303.63,27.14,973.35,New
358,Product test 358,5,Brand test 1,263.52,121.44,951.25,Used
359,Product test 359,4,Brand test 5,276.77,244.78,899.83,Used
360,Product test 360,5,Brand test 5,474.53,39.61,375.26,New
361,Product test 361,5,Brand test 2,496.76,396.96,947.60,New
362,Product test 362,2,Brand test 3,165.67,401.24,928.66,Used
363,Product test 363,5,Brand test 1,131.99,34.53,153.61,New
364,Product test 364,5,Brand test 2,231.18,40.68,520.88,Used
365,Product test 365,4,Brand test 2,276.10,146.97,548.30,Used
366,Product test 366,5,Brand test 4,283.26,204.21,632.07,Used
367,Product test 367,5,Brand test 2,424.10,17.04,569.87,New
368,Product test 368,3,Brand test 2,274.92,154.27,491.48,New
369,Product test 369,2,Brand test 1,355.91,124.11,167.40,New
370,Product test 370,4,Brand test 1,33.13,258.15,367.90,New
371,Product test 371,3,Brand test 5,122.95,197.08,720.70,New
372,Product test 372,4,Brand test 4,230.05,94.83,198.07,Used
373,Product test 373,3,Brand test 4,41.68,217.09,945.87,Used
374,Product test 374,5,Brand test 2,380.47,412.04,856.03,Used
375,Product test 375,5,Brand test 2,99.63,107.76,951.70,Used
376,Product test 376,5,Brand test 2,428.55,282.83,365.09,Used
377,Product test 377,2,Brand test 5,61.13,496.19,932.59,Used
378,Product test 378,5,Brand test 1,291.87,414.48,506.18,Used
379,Product test 379,5,Brand test 3,499.78,174.81,708.33,Used
380,Product test 380,4,Brand test 3,316.23,256.88,563.08,Used
381,Product test 381,2,Brand test 5,397.02,406.83,592.84,New
382,Product test 382,4,Brand test 2,189.49,33.04,483.04,New
383,Product test 383,2,Brand test 1,187.01,148.96,758.30,New
384,Product test 384,4,Brand test 5,419.21,492.10,756.40,New
385,Product test 385,3,Brand test 2,50.36,453.61,792.60,New
386,Product test 386,4,Brand test 3,189.81,361.66,491.93,Used
387,Product test 387,1,Brand test 2,59.80,274.97,346.79,Used
388,Product test 388,2,Brand test 1,48.57,378.93,719.62,Used
389,Product test 389,3,Brand test 3,72.46,221.49,949.53,Used
390,Product test 390,2,Brand test 4,86.66,467.76,693.97,Used
391,Product test 391,5,Brand test 2,334.02,74.77,538.36,New
392,Product test 392,2,Brand test 2,236.07,121.22,427.31,Used
393,Product test 393,4,Brand test 1,394.79,147.90,893.88,Used
394,Product test 394,4,Brand test 4,473.20,135.25,759.46,New
395,Product test 395,2,Brand test 2,290.92,324.31,561.67,Used
396,Product test 396,2,Brand test 5,186.93,140.06,988.41,Used
397,Product test 397,4,Brand test 2,10.96,376.77,571.92,New
398,Product test 398,2,Brand test 2,352.60,123.79,722.15,New
399,Product test 399,3,Brand test 3,285.62,171.17,801.62,New
400,Product test 400,4,Brand test 3,36.69,81.84,312.17,New
401,Product test 401,5,Brand test 4,427.02,26.79,764.56,Used
402,Product test 402,4,Brand test 4,340.43,340.95,767.54,Used
403,Product test 403,4,Brand test 1,281.14,97.12,219.29,New
404,Product test 404,3,Brand test 1,86.64,52.68,268.86,New
405,Product test 405,3,Brand test 5,325.68,207.14,810.35,Used
406,Product test 406,2,Brand test 3,397.63,499.92,542.59,Used
407,Product test 407,3,Brand test 1,92.92,222.76,805.86,Used
408,Product test 408,2,Brand test 3,381.61,10.25,771.42,New
409,Product test 409,2,Brand test 3,133.12,351.35,509.02,New
410,Product test 410,4,Brand test 2,143.27,474.93,822.24,New
411,Product test 411,2,Brand test 5,193.25,463.90,765.43,New
412,Product test 412,2,Brand test 5,248.40,191.43,238.14,New
413,Product test 413,4,Brand test 1,217.05,187.24,885.37,New
414,Product test 414,4,Brand test 4,116.68,264.38,298.58,New
415,Product test 415,2,Brand test 4,231.04,220.19,586.98,Used
416,Product test 416,2,Brand test 5,451.38,154.38,802.33,Used
417,Product test 417,1,Brand test 1,255.85,252.60,907.12,Used
418,Product test 418,3,Brand test 5,497.48,441.02,756.03,Used
419,Product test 419,5,Brand test 3,96.43,348.55,559.77,New
420,Product test 420,3,Brand test 1,432.31,277.24,654.17,Used
421,Product test 421,3,Brand test 4,18.41,35.24,523.51,New
422,Product test 422,4,Brand test 3,202.77,377.59,760.74,Used
423,Product test 423,4,Brand test 1,395.60,298.42,456.39,Used
424,Product test 424,5,Brand test 4,391.40,346.69,926.45,New
425,Product test 425,2,Brand test 3,484.22,453.00,461.02,Used
426,Product test 426,3,Brand test 4,481.23,401.93,611.32,Used
427,Product test 427,5,Brand test 3,455.65,131.38,604.94,New
428,Product test 428,5,Brand test 5,359.97,104.03,814.61,Used
429,Product test 429,5,Brand test 3,405.54,297.86,770.25,New
430,Product test 430,5,Brand test 5,356.97,97.74,776.15,Used
431,Product test 431,2,Brand test 3,135.32,234.58,938.44,Used
432,Product test 432,5,Brand test 1,101.21,359.97,373.47,New
433,Product test 433,4,Brand test 1,359.27,491.20,791.71,New
434,Product test 434,4,Brand test 4,345.24,170.75,630.06,Used
435,Product test 435,4,Brand test 5,174.25,342.05,909.13,New
436,Product test 436,4,Brand test 1,155.51,32.23,686.06,Used
437,Product test 437,5,Brand test 2,183.29,89.34,500.18,Used
438,Product test 438,5,Brand test 5,380.04,324.66,462.19,New
439,Product test 439,2,Brand test 3,270.25,193.28,483.97,New
440,Product test 440,4,Brand test 2,306.09,426.52,889.68,New
441,Product test 441,3,Brand test 1,14.37,216.93,568.89,Used
442,Product test 442,5,Brand test 1,138.54,66.04,366.59,Used
443,Product test 443,5,Brand test 4,289.45,161.07,982.95,New
444,Product test 444,2,Brand test 3,98.62,476.18,747.04,Used
445,Product test 445,5,Brand test 5,443.26,322.90,484.99,Used
446,Product test 446,3,Brand test 1,119.16,408.49,610.30,New
447,Product test 447,2,Brand test 4,432.71,341.53,999.02,Used
448,Product test 448,5,Brand test 3,199.25,316.46,824.80,Used
449,Product test 449,5,Brand test 4,426.20,107.78,152.18,Used
450,Product test 450,5,Brand test 5,485.25,316.46,801.45,New
451,Product test 451,4,Brand test 3,240.90,42.34,480.16,Used
452,Product test 452,5,Brand test 2,197.74,392.59,810.72,Used
453,Product test 453,3,Brand test 5,296.06,313.85,403.07,New
454,Product test 454,3,Brand test 1,267.78,27.71,413.01,New
455,Product test 455,5,Brand test 1,457.61,360.38,491.57,New
456,Product test 456,3,Brand test 3,496.05,440.76,713.49,New
457,Product test 457,4,Brand test 2,364.62,171.92,922.69,Used
458,Product test 458,2,Brand test 4,394.93,104.54,130.12,New
459,Product test 459,5,Brand test 3,130.44,22.91,917.45,New
460,Product test 460,2,Brand test 1,247.36,70.72,355.97,Used
461,Product test 461,5,Brand test 4,420.97,317.93,502.99,New
462,Product test 462,5,Brand test 2,204.59,266.77,832.64,New
463,Product test 463,4,Brand test 5,195.52,134.37,961.10,Used
464,Product test 464,3,Brand test 3,383.59,497.73,860.39,New
465,Product test 465,4,Brand test 5,318.76,400.92,620.03,Used
466,Product test 466,2,Brand test 1,449.16,212.76,870.20,New
467,Product test 467,2,Brand test 5,451.75,297.11,480.83,Used
468,Product test 468,2,Brand test 1,221.42,43.73,264.79,Used
469,Product test 469,3,Brand test 5,439.35,350.02,783.77,Used
470,Product test 470,4,Brand test 3,74.47,379.08,383.32,New
471,Product test 471,4,Brand test 4,400.54,180.03,510.35,Used
472,Product test 472,5,Brand test 5,377.61,68.56,446.32,New
473,Product test 473,5,Brand test 4,212.90,404.55,741.46,Used
474,Product test 474,4,Brand test 1,430.74,338.15,774.42,Used
475,Product test 475,5,Brand test 3,94.14,438.64,530.71,Used
476,Product test 476,2,Brand test 3,190.16,368.48,697.68,Used
477,Product test 477,4,Brand test 1,374.04,453.82,927.50,Used
478,Product test 478,5,Brand test 2,99.12,419.62,515.23,New
479,Product test 479,5,Brand test 1,84.83,362.05,660.46,New
480,Product test 480,2,Brand test 1,158.15,131.72,670.09,New
481,Product test 481,2,Brand test 2,132.20,127.48,960.38,New
482,Product test 482,3,Brand test 4,140.17,398.56,913.38,New
483,Product test 483,4,Brand test 4,15.53,216.72,248.45,New
484,Product test 484,3,Brand test 3,190.34,24.65,276.99,Used
485,Product test 485,4,Brand test 5,93.59,47.55,503.89,New
486,Product test 486,4,Brand test 4,445.78,187.60,282.05,New
487,Product test 487,4,Brand test 5,144.92,220.69,475.76,New
488,Product test 488,4,Brand test 5,91.24,364.61,776.33,Used
489,Product test 489,1,Brand test 3,38.99,417.32,595.21,Used
490,Product test 490,5,Brand test 5,27.38,161.29,191.17,Used
491,Product test 491,2,Brand test 1,419.82,359.55,581.87,Used
492,Product test 492,3,Brand test 4,173.65,145.75,472.23,New
493,Product test 493,2,Brand test 1,476.75,459.81,822.08,Used
494,Product test 494,4,Brand test 1,95.49,52.60,547.69,New
495,Product test 495,3,Brand test 4,103.71,283.89,767.76,New
496,Product test 496,5,Brand test 5,442.99,423.31,688.44,Used
497,Product test 497,5,Brand test 2,441.73,109.89,549.64,Used
498,Product test 498,3,Brand test 5,28.35,39.78,560.76,New
499,Product test 499,4,Brand test 3,55.68,53.22,444.16,Used
500,Product test 500,3,Brand test 5,212.08,256.46,417.33,Used
501,Product test 501,5,Brand test 2,72.95,54.53,867.23,Used
502,Product test 502,5,Brand test 4,476.13,355.35,918.90,New
503,Product test 503,5,Brand test 1,295.85,48.37,447.63,Used
504,Product test 504,3,Brand test 1,380.80,302.21,805.40,Used
505,Product test 505,2,Brand test 4,397.06,60.84,142.49,Used
506,Product test 506,4,Brand test 5,294.90,93.54,300.57,New
507,Product test 507,4,Brand test 5,304.44,160.56,806.74,New
508,Product test 508,3,Brand test 3,112.03,142.64,552.07,New
509,Product test 509,5,Brand test 2,314.87,54.71,704.86,Used
510,Product test 510,2,Brand test 5,253.83,496.37,794.15,Used
511,Product test 511,3,Brand test 1,217.28,396.11,637.87,Used
512,Product test 512,2,Brand test 1,193.06,217.63,656.75,Used
513,Product test 513,2,Brand test 3,410.10,31.59,776.49,Used
514,Product test 514,3,Brand test 4,137.42,165.20,880.08,New
515,Product test 515,3,Brand test 5,291.43,103.84,150.06,New
516,Product test 516,5,Brand test 5,215.94,464.44,646.62,New
517,Product test 517,4,Brand test 1,400.38,496.43,559.96,New
518,Product test 518,2,Brand test 2,492.51,395.12,575.54,Used
519,Product test 519,2,Brand test 4,179.47,22.18,881.26,New
520,Product test 520,5,Brand test 5,198.24,158.36,887.90,New
521,Product test 521,3,Brand test 2,89.48,439.35,705.16,New
522,Product test 522,3,Brand test 5,200.25,205.60,864.25,New
523,Product test 523,2,Brand test 4,395.50,444.84,793.49,New
524,Product test 524,3,Brand test 3,317.62,369.32,960.37,Used
525,Product test 525,2,Brand test 1,104.32,90.80,592.17,New
526,Product test 526,3,Brand test 3,208.80,129.67,163.58,New
527,Product test 527,5,Brand test 5,294.64,479.36,671.12,Used
528,Product test 528,3,Brand test 1,60.68,132.57,258.06,Used
529,Product test 529,3,Brand test 3,498.65,417.29,604.25,New
530,Product test 530,4,Brand test 4,148.07,209.01,619.01,Used
531,Product test 531,3,Brand test 1,467.55,143.94,194.85,Used
532,Product test 532,5,Brand test 5,169.49,218.49,381.04,Used
533,Product test 533,4,Brand test 5,14.82,377.24,535.09,Used
534,Product test 534,3,Brand test 1,103.20,211.95,525.47,Used
535,Product test 535,2,Brand test 2,9.94,419.51,980.13,Used
536,Product test 536,4,Brand test 3,173.57,269.76,519.16,Used
537,Product test 537,4,Brand test 4,224.37,237.69,834.36,New
538,Product test 538,2,Brand test 4,188.49,498.86,627.52,New
539,Product test 539,5,Brand test 4,242.69,457.03,893.42,Used
540,Product test 540,4,Brand test 5,485.47,50.98,555.80,New
541,Product test 541,4,Brand test 4,287.91,454.43,576.76,New
542,Product test 542,3,Brand test 3,71.64,381.71,636.07,Used
543,Product test 543,2,Brand test 2,219.75,102.34,395.92,New
544,Product test 544,3,Brand test 5,280.24,262.83,796.56,Used
545,Product test 545,2,Brand test 2,248.85,359.45,555.56,New
546,Product test 546,3,Brand test 4,35.73,285.82,613.75,New
547,Product test 547,5,Brand test 1,217.74,498.46,977.18,New
548,Product test 548,4,Brand test 1,100.47,369.59,524.32,New
549,Product test 549,5,Brand test 5,53.97,231.42,839.64,New
550,Product test 550,2,Brand test 4,282.09,343.23,982.87,New
551,Product test 551,5,Brand test 1,273.26,364.56,830.62,New
552,Product test 552,4,Brand test 1,468.30,111.69,167.46,Used
553,Product test 553,2,Brand test 2,315.25,452.57,560.42,Used
554,Product test 554,5,Brand test 3,17.52,484.31,501.69,New
555,Product test 555,5,Brand test 1,432.89,178.48,806.64,Used
556,Product test 556,2,Brand test 4,161.40,71.31,497.37,New
557,Product test 557,3,Brand test 1,212.68,74.14,90.06,New
558,Product test 558,5,Brand test 4,320.92,459.29,958.33,Used
559,Product test 559,3,Brand test 4,313.80,481.36,749.18,Used
560,Product test 560,3,Brand test 3,488.14,313.21,495.59,New
561,Product test 561,3,Brand test 2,346.33,61.71,622.09,Used
562,Product test 562,4,Brand test 3,74.07,450.03,959.02,New
563,Product test 563,4,Brand test 3,275.66,197.62,921.23,New
564,Product test 564,3,Brand test 2,60.57,163.05,486.99,Used
565,Product test 565,3,Brand test 4,240.17,423.98,934.81,New
566,Product test 566,3,Brand test 4,104.76,87.55,390.65,Used
567,Product test 567,3,Brand test 1,199.59,420.40,793.26,New
568,Product test 568,3,Brand test 2,352.53,402.13,592.33,New
569,Product test 569,2,Brand test 5,217.47,130.33,785.50,Used
570,Product test 570,3,Brand test 1,485.13,396.88,690.36,New
571,Product test 571,2,Brand test 4,414.83,428.56,576.48,Used
572,Product test 572,3,Brand test 2,192.31,437.58,897.79,New
573,Product test 573,2,Brand test 5,211.58,182.07,988.25,Used
574,Product test 574,3,Brand test 5,100.11,178.39,341.78,New
575,Product test 575,5,Brand test 3,270.83,44.27,471.02,Used
576,Product test 576,3,Brand test 3,354.58,238.55,857.76,New
577,Product test 577,3,Brand test 1,197.76,273.13,811.08,Used
578,Product test 578,2,Brand test 3,478.88,136.92,218.37,New
579,Product test 579,4,Brand test 2,43.40,162.94,306.08,Used
580,Product test 580,5,Brand test 3,455.80,336.31,539.12,Used
581,Product test 581,5,Brand test 4,110.15,24.79,412.90,Used
582,Product test 582,2,Brand test 2,165.67,495.42,656.40,New
583,Product test 583,5,Brand test 5,197.90,435.69,769.84,New
584,Product test 584,4,Brand test 1,78.89,26.32,953.24,New
585,Product test 585,5,Brand test 1,218.41,187.52,522.70,New
586,Product test 586,2,Brand test 5,80.44,394.36,734.97,Used
587,Product test 587,4,Brand test 1,435.75,412.61,441.47,Used
588,Product test 588,2,Brand test 3,279.02,285.81,462.22,New
589,Product test 589,5,Brand test 3,467.63,120.79,709.90,New
590,Product test 590,2,Brand test 3,332.89,268.66,825.93,Used
591,Product test 591,3,Brand test 3,45.84,260.90,338.55,New
592,Product test 592,2,Brand test 3,362.37,286.57,512.15,Used
593,Product test 593,4,Brand test 5,200.61,419.68,527.71,New
594,Product test 594,3,Brand test 3,250.75,217.39,387.06,New
595,Product test 595,4,Brand test 3,440.76,254.38,798.38,Used
596,Product test 596,5,Brand test 4,32.67,427.01,880.63,New
597,Product test 597,2,Brand test 1,117.58,392.54,654.01,Used
598,Product test 598,2,Brand test 1,71.00,341.07,532.74,New
599,Product test 599,5,Brand test 5,72.14,343.92,643.04,Used
600,Product test 600,2,Brand test 1,158.49,300.67,969.96,Used
601,Product test 601,2,Brand test 4,298.71,223.71,511.85,New
602,Product test 602,4,Brand test 2,301.20,165.65,923.55,New
603,Product test 603,5,Brand test 3,21.82,119.19,919.85,Used
604,Product test 604,3,Brand test 2,126.16,265.08,323.08,Used
605,Product test 605,4,Brand test 1,375.61,467.01,967.08,New
606,Product test 606,2,Brand test 2,10.05,195.99,942.59,Used
607,Product test 607,4,Brand test 1,301.29,26.58,618.60,New
608,Product test 608,2,Brand test 5,249.55,63.87,762.37,New
609,Product test 609,5,Brand test 3,420.19,282.73,297.47,Used
610,Product test 610,4,Brand test 1,258.82,37.10,144.19,Used
611,Product test 611,5,Brand test 5,269.39,245.30,940.01,New
612,Product test 612,2,Brand test 3,497.75,111.62,370.84,New
613,Product test 613,5,Brand test 5,228.08,467.16,927.93,New
614,Product test 614,3,Brand test 2,431.52,134.83,313.12,New
615,Product test 615,3,Brand test 3,267.48,49.54,467.38,Used
616,Product test 616,3,Brand test 5,53.09,29.85,333.94,Used
617,Product test 617,3,Brand test 2,217.39,341.75,488.51,Used
618,Product test 618,2,Brand test 4,275.15,58.13,512.56,Used
619,Product test 619,2,Brand test 2,247.12,399.15,596.16,Used
620,Product test 620,5,Brand test 5,487.97,465.43,788.87,New
621,Product test 621,3,Brand test 3,173.43,237.94,812.46,Used
622,Product test 622,4,Brand test 5,81.70,499.66,525.06,New
623,Product test 623,4,Brand test 3,439.13,83.10,762.70,New
624,Product test 624,5,Brand test 1,259.82,471.93,842.09,New
625,Product test 625,2,Brand test 5,232.79,474.94,926.49,New
626,Product test 626,3,Brand test 2,98.55,375.38,500.55,Used
627,Product test 627,5,Brand test 1,363.35,44.13,193.40,New
628,Product test 628,4,Brand test 5,237.10,64.29,353.93,Used
629,Product test 629,2,Brand test 4,79.81,199.81,790.02,Used
630,Product test 630,2,Brand test 1,189.57,78.74,961.23,New
631,Product test 631,3,Brand test 4,369.56,7.19,102.08,Used
632,Product test 632,2,Brand test 3,257.37,276.10,516.06,Used
633,Product test 633,4,Brand test 3,12.00,386.93,825.89,Used
634,Product test 634,2,Brand test 3,93.38,310.55,534.32,New
635,Product test 635,3,Brand test 4,446.69,11.15,912.71,Used
636,Product test 636,5,Brand test 2,410.97,75.33,883.05,Used
637,Product test 637,3,Brand test 2,175.56,168.34,895.70,New
638,Product test 638,3,Brand test 2,130.76,364.68,932.70,Used
639,Product test 639,2,Brand test 3,384.22,18.65,275.08,New
640,Product test 640,5,Brand test 5,227.61,244.34,467.10,New
641,Product test 641,3,Brand test 2,186.91,154.63,545.14,New
642,Product test 642,3,Brand test 3,445.88,89.60,970.55,Used
643,Product test 643,4,Brand test 2,481.96,199.43,831.71,New
644,Product test 644,4,Brand test 4,99.57,396.96,727.22,New
645,Product test 645,5,Brand test 3,477.77,132.00,912.59,Used
646,Product test 646,3,Brand test 1,480.27,86.96,724.11,Used
647,Product test 647,4,Brand test 3,100.34,13.64,829.77,New
648,Product test 648,5,Brand test 5,422.34,455.90,827.71,New
649,Product test 649,2,Brand test 4,113.35,420.45,504.74,New
650,Product test 650,2,Brand test 1,483.24,241.71,906.03,Used
651,Product test 651,5,Brand test 2,430.17,432.48,969.64,Used
652,Product test 652,3,Brand test 2,9.99,438.49,598.22,Used
653,Product test 653,4,Brand test 2,78.81,59.66,936.68,New
654,Product test 654,4,Brand test 1,140.09,474.90,654.72,Used
655,Product test 655,5,Brand test 2,66.82,414.45,970.96,New
656,Product test 656,4,Brand test 2,474.83,152.22,803.85,New
657,Product test 657,5,Brand test 5,285.63,60.08,320.69,Used
658,Product test 658,3,Brand test 3,382.65,159.09,632.23,New
659,Product test 659,2,Brand test 5,199.14,477.38,748.42,New
660,Product test 660,2,Brand test 2,437.77,486.96,718.71,New
661,Product test 661,5,Brand test 5,348.66,247.97,580.24,Used
662,Product test 662,5,Brand test 2,364.37,171.20,411.82,Used
663,Product test 663,3,Brand test 1,417.97,456.58,519.74,Used
664,Product test 664,5,Brand test 3,250.57,475.85,831.63,Used
665,Product test 665,2,Brand test 3,344.44,258.15,744.27,New
666,Product test 666,4,Brand test 3,205.24,20.84,747.57,New
667,Product test 667,2,Brand test 2,261.94,89.97,549.73,Used
668,Product test 668,5,Brand test 3,277.07,260.48,292.47,Used
669,Product test 669,2,Brand test 2,303.33,252.65,903.67,New
670,Product test 670,4,Brand test 3,61.20,480.26,650.23,New
671,Product test 671,2,Brand test 1,300.47,7.31,117.68,Used
672,Product test 672,5,Brand test 2,368.84,474.63,790.37,Used
673,Product test 673,4,Brand test 4,492.71,177.55,946.61,Used
674,Product test 674,4,Brand test 5,106.62,300.92,448.05,New
675,Product test 675,5,Brand test 2,226.44,81.56,984.58,New
676,Product test 676,3,Brand test 1,125.85,424.51,932.71,Used
677,Product test 677,4,Brand test 4,243.32,430.74,999.06,Used
678,Product test 678,2,Brand test 3,361.92,409.55,826.05,Used
679,Product test 679,5,Brand test 1,419.32,97.92,632.38,Used
680,Product test 680,2,Brand test 3,209.16,261.38,774.57,Used
681,Product test 681,2,Brand test 3,359.18,314.92,384.49,Used
682,Product test 682,4,Brand test 3,122.76,194.93,611.75,New
683,Product test 683,4,Brand test 3,218.29,323.02,776.21,Used
684,Product test 684,3,Brand test 2,154.52,452.21,794.96,New
685,Product test 685,2,Brand test 2,491.79,188.72,618.51,New
686,Product test 686,4,Brand test 1,277.64,274.24,710.52,New
687,Product test 687,3,Brand test 1,375.72,368.82,873.16,New
688,Product test 688,5,Brand test 1,128.58,16.43,641.67,Used
689,Product test 689,5,Brand test 1,173.64,287.37,570.23,New
690,Product test 690,4,Brand test 1,238.84,154.74,907.34,New
691,Product test 691,1,Brand test 2,58.15,166.06,446.89,Used
692,Product test 692,5,Brand test 3,143.51,21.93,789.72,Used
693,Product test 693,3,Brand test 5,428.70,10.98,385.71,New
694,Product test 694,3,Brand test 5,113.61,254.75,856.18,New
695,Product test 695,3,Brand test 2,279.71,170.04,662.60,Used
696,Product test 696,5,Brand test 4,210.98,395.84,925.46,Used
697,Product test 697,2,Brand test 4,439.70,351.91,429.44,Used
698,Product test 698,4,Brand test 4,205.16,226.61,283.26,Used
699,Product test 699,2,Brand test 1,416.46,449.62,711.82,New
700,Product test 700,5,Brand test 5,243.53,416.66,630.22,Used
701,Product test 701,5,Brand test 2,424.88,91.92,164.27,Used
702,Product test 702,3,Brand test 3,351.15,284.24,448.05,Used
703,Product test 703,3,Brand test 2,22.75,380.43,782.50,New
704,Product test 704,3,Brand test 5,67.63,419.25,485.27,Used
705,Product test 705,4,Brand test 5,371.76,370.21,991.92,Used
706,Product test 706,2,Brand test 3,300.01,337.20,625.27,New
707,Product test 707,3,Brand test 4,79.43,6.14,645.62,Used
708,Product test 708,4,Brand test 3,159.92,460.79,871.82,New
709,Product test 709,3,Brand test 2,491.19,64.27,90.80,New
710,Product test 710,3,Brand test 4,291.95,93.75,605.26,New
711,Product test 711,3,Brand test 3,15.77,233.95,348.44,New
712,Product test 712,5,Brand test 1,189.35,330.46,862.48,New
713,Product test 713,3,Brand test 2,44.36,52.49,816.94,Used
714,Product test 714,3,Brand test 1,273.86,388.94,648.79,Used
715,Product test 715,5,Brand test 2,174.46,220.84,985.83,New
716,Product test 716,3,Brand test 4,481.27,305.37,605.22,New
717,Product test 717,2,Brand test 1,140.94,40.27,467.74,New
718,Product test 718,5,Brand test 4,217.72,484.55,893.40,Used
719,Product test 719,5,Brand test 5,210.32,68.01,772.48,Used
720,Product test 720,2,Brand test 1,52.47,289.31,880.31,Used
721,Product test 721,3,Brand test 4,131.42,267.58,872.40,Used
722,Product test 722,3,Brand test 5,461.58,58.41,859.99,New
723,Product test 723,2,Brand test 1,167.61,255.69,366.38,New
724,Product test 724,3,Brand test 1,478.14,357.11,418.31,New
725,Product test 725,4,Brand test 5,221.09,213.12,898.03,Used
726,Product test 726,2,Brand test 1,331.50,23.32,731.18,New
727,Product test 727,3,Brand test 4,486.70,167.08,393.26,Used
728,Product test 728,4,Brand test 1,380.37,198.25,819.90,New
729,Product test 729,3,Brand test 5,111.13,497.61,991.89,Used
730,Product test 730,4,Brand test 2,373.85,285.51,432.10,New
731,Product test 731,3,Brand test 3,445.98,112.84,296.18,Used
732,Product test 732,3,Brand test 5,243.04,398.84,673.41,Used
733,Product test 733,5,Brand test 5,315.67,346.04,941.62,New
734,Product test 734,3,Brand test 1,103.95,369.45,883.99,Used
735,Product test 735,3,Brand test 4,200.76,188.79,828.76,Used
736,Product test 736,4,Brand test 5,63.57,157.83,175.59,New
737,Product test 737,4,Brand test 1,218.88,388.34,504.10,New
738,Product test 738,5,Brand test 5,398.78,182.70,489.00,Used
739,Product test 739,3,Brand test 1,81.45,214.83,555.93,New
740,Product test 740,4,Brand test 5,449.81,171.55,746.44,Used
741,Product test 741,3,Brand test 2,390.89,279.62,313.20,Used
742,Product test 742,5,Brand test 5,464.95,248.81,380.86,Used
743,Product test 743,5,Brand test 3,36.99,375.04,769.74,New
744,Product test 744,5,Brand test 5,313.86,40.22,553.85,Used
745,Product test 745,5,Brand test 5,158.23,205.03,555.94,New
746,Product test 746,4,Brand test 2,171.00,348.15,620.60,New
747,Product test 747,5,Brand test 5,289.28,47.68,978.34,New
748,Product test 748,2,Brand test 1,334.93,372.98,997.42,New
749,Product test 749,3,Brand test 2,395.53,159.25,897.79,New
750,Product test 750,3,Brand test 2,147.88,435.76,684.14,Used
751,Product test 751,5,Brand test 1,120.96,424.79,984.14,New
752,Product test 752,5,Brand test 4,230.17,162.22,407.09,New
753,Product test 753,5,Brand test 3,484.96,107.16,495.97,Used
754,Product test 754,4,Brand test 1,393.90,303.24,588.89,New
755,Product test 755,4,Brand test 3,10.16,226.31,515.72,Used
756,Product test 756,3,Brand test 4,290.34,9.27,485.33,Used
757,Product test 757,2,Brand test 4,370.72,271.90,313.64,Used
758,Product test 758,5,Brand test 5,299.92,381.54,429.07,New
759,Product test 759,5,Brand test 3,286.33,67.14,509.80,New
760,Product test 760,3,Brand test 1,200.97,173.54,964.30,New
761,Product test 761,2,Brand test 2,409.09,45.29,482.37,Used
762,Product test 762,3,Brand test 2,4.83,291.16,914.61,Used
763,Product test 763,2,Brand test 3,177.73,475.30,885.84,New
764,Product test 764,5,Brand test 4,490.70,448.91,899.07,Used
765,Product test 765,4,Brand test 4,32.33,160.27,740.16,New
766,Product test 766,3,Brand test 3,232.13,90.93,613.01,New
767,Product test 767,4,Brand test 1,216.99,303.16,370.43,Used
768,Product test 768,3,Brand test 1,100.09,297.46,826.20,New
769,Product test 769,5,Brand test 5,108.40,398.85,940.95,Used
770,Product test 770,3,Brand test 3,71.27,246.75,957.45,Used
771,Product test 771,3,Brand test 2,139.81,121.50,503.81,Used
772,Product test 772,4,Brand test 4,488.66,193.20,283.22,Used
773,Product test 773,3,Brand test 2,84.92,457.11,811.59,Used
774,Product test 774,3,Brand test 2,50.05,446.42,695.56,New
775,Product test 775,5,Brand test 2,312.38,165.67,701.46,Used
776,Product test 776,3,Brand test 5,416.64,174.97,593.98,New
777,Product test 777,2,Brand test 4,49.34,130.86,201.14,New
778,Product test 778,4,Brand test 3,209.43,393.01,507.70,New
779,Product test 779,3,Brand test 2,472.97,213.83,716.78,New
780,Product test 780,3,Brand test 4,326.65,330.44,782.05,New
781,Product test 781,2,Brand test 2,398.06,427.73,483.44,Used
782,Product test 782,4,Brand test 3,452.78,106.78,464.06,Used
783,Product test 783,4,Brand test 2,158.15,444.51,603.61,Used
784,Product test 784,5,Brand test 5,171.22,14.27,134.85,New
785,Product test 785,2,Brand test 3,129.10,267.56,778.45,New
786,Product test 786,3,Brand test 1,394.75,156.80,667.78,Used
787,Product test 787,5,Brand test 1,262.95,232.55,589.02,New
788,Product test 788,4,Brand test 4,382.80,493.63,528.46,Used
789,Product test 789,4,Brand test 1,314.18,283.99,335.26,New
790,Product test 790,3,Brand test 3,81.62,499.72,933.17,Used
791,Product test 791,5,Brand test 2,224.25,372.82,640.94,New
792,Product test 792,2,Brand test 5,495.59,103.03,951.28,New
793,Product test 793,3,Brand test 3,102.91,436.64,725.64,Used
794,Product test 794,4,Brand test 4,186.54,461.51,498.61,New
795,Product test 795,4,Brand test 2,479.71,472.20,657.43,Used
796,Product test 796,4,Brand test 3,383.22,439.68,605.75,New
797,Product test 797,5,Brand test 4,37.73,377.01,449.30,New
798,Product test 798,3,Brand test 5,363.79,287.28,949.68,Used
799,Product test 799,5,Brand test 4,243.77,461.74,705.61,Used
800,Product test 800,5,Brand test 4,329.52,366.93,922.70,New
801,Product test 801,5,Brand test 2,455.25,423.49,715.50,Used
802,Product test 802,2,Brand test 5,429.86,243.30,987.96,Used
803,Product test 803,5,Brand test 5,270.69,129.84,331.53,Used
804,Product test 804,5,Brand test 1,375.25,22.00,110.03,New
805,Product test 805,4,Brand test 2,124.08,49.90,766.95,New
806,Product test 806,4,Brand test 4,348.41,330.35,579.41,New
807,Product test 807,5,Brand test 3,471.91,489.46,747.82,Used
808,Product test 808,3,Brand test 3,55.15,150.71,431.82,New
809,Product test 809,3,Brand test 3,357.75,57.89,871.34,Used
810,Product test 810,3,Brand test 2,171.21,211.62,486.17,Used
811,Product test 811,2,Brand test 1,492.21,38.59,435.27,Used
812,Product test 812,2,Brand test 1,41.80,196.54,756.89,New
813,Product test 813,3,Brand test 3,482.32,249.03,944.54,Used
814,Product test 814,3,Brand test 4,369.36,108.95,252.69,New
815,Product test 815,4,Brand test 1,232.94,127.92,239.42,Used
816,Product test 816,4,Brand test 1,124.90,456.99,712.73,Used
817,Product test 817,2,Brand test 5,111.98,119.82,670.97,New
818,Product test 818,4,Brand test 2,456.71,409.21,944.66,New
819,Product test 819,4,Brand test 4,92.75,293.79,620.03,Used
820,Product test 820,5,Brand test 5,18.61,127.05,437.71,Used
821,Product test 821,5,Brand test 5,453.65,34.89,60.35,New
822,Product test 822,4,Brand test 4,82.33,290.23,679.78,Used
823,Product test 823,5,Brand test 4,380.00,6.75,468.62,New
824,Product test 824,5,Brand test 3,92.08,341.42,588.86,New
825,Product test 825,2,Brand test 3,185.31,104.43,723.09,New
826,Product test 826,2,Brand test 4,157.93,118.51,943.61,New
827,Product test 827,4,Brand test 5,498.90,57.85,578.46,New
828,Product test 828,2,Brand test 1,74.61,322.22,743.28,New
829,Product test 829,4,Brand test 5,432.58,383.53,703.02,Used
830,Product test 830,2,Brand test 3,16.68,477.05,979.08,New
831,Product test 831,4,Brand test 5,272.99,364.82,916.98,New
832,Product test 832,3,Brand test 1,66.10,123.95,749.34,New
833,Product test 833,5,Brand test 1,338.60,282.42,286.02,Used
834,Product test 834,4,Brand test 1,71.17,243.72,256.38,New
835,Product test 835,2,Brand test 5,440.45,257.08,376.48,Used
836,Product test 836,4,Brand test 1,65.55,274.18,476.13,Used
837,Product test 837,4,Brand test 1,37.84,7.62,74.71,Used
838,Product test 838,1,Brand test 4,60.21,110.87,748.46,New
839,Product test 839,4,Brand test 2,415.09,116.30,196.40,New
840,Product test 840,4,Brand test 1,300.26,192.87,907.49,Used
841,Product test 841,3,Brand test 3,340.05,398.76,640.39,New
842,Product test 842,2,Brand test 2,165.27,210.73,562.62,New
843,Product test 843,5,Brand test 2,369.46,107.67,114.02,Used
844,Product test 844,5,Brand test 5,205.65,231.36,398.08,New
845,Product test 845,3,Brand test 3,437.47,360.34,997.86,Used
846,Product test 846,5,Brand test 3,108.47,190.78,598.79,New
847,Product test 847,5,Brand test 3,249.95,70.27,600.64,New
848,Product test 848,4,Brand test 3,269.58,250.65,290.52,New
849,Product test 849,3,Brand test 3,369.78,185.49,912.42,New
850,Product test 850,1,Brand test 1,108.95,465.72,968.02,Used
851,Product test 851,5,Brand test 1,402.04,174.41,396.25,New
852,Product test 852,5,Brand test 4,214.63,457.41,708.10,New
853,Product test 853,3,Brand test 1,345.22,380.38,911.32,Used
854,Product test 854,4,Brand test 4,206.99,305.08,957.21,Used
855,Product test 855,2,Brand test 2,1.79,335.86,889.44,New
856,Product test 856,5,Brand test 2,14.95,183.77,687.45,Used
857,Product test 857,4,Brand test 4,251.90,403.39,434.12,New
858,Product test 858,2,Brand test 2,451.62,479.02,516.86,New
859,Product test 859,5,Brand test 3,318.49,140.44,978.39,New
860,Product test 860,5,Brand test 3,419.92,183.62,690.14,New
861,Product test 861,4,Brand test 1,68.13,480.83,527.91,New
862,Product test 862,2,Brand test 5,404.48,219.12,841.35,New
863,Product test 863,2,Brand test 2,378.15,365.78,541.62,Used
864,Product test 864,2,Brand test 1,309.62,237.75,320.65,Used
865,Product test 865,2,Brand test 1,5.89,349.45,932.60,Used
866,Product test 866,2,Brand test 2,169.60,157.17,378.87,New
867,Product test 867,4,Brand test 2,227.14,132.74,722.52,Used
868,Product test 868,3,Brand test 3,22.05,182.08,401.08,Used
869,Product test 869,2,Brand test 4,406.06,15.94,298.63,Used
870,Product test 870,5,Brand test 1,416.85,344.85,795.66,Used
871,Product test 871,4,Brand test 2,90.81,483.24,506.92,Used
872,Product test 872,3,Brand test 2,129.90,266.09,310.78,New
873,Product test 873,5,Brand test 4,114.93,360.87,580.28,Used
874,Product test 874,5,Brand test 1,425.08,307.17,361.91,Used
875,Product test 875,5,Brand test 3,136.90,44.49,176.18,New
876,Product test 876,5,Brand test 4,309.49,408.59,814.93,New
877,Product test 877,5,Brand test 4,339.64,476.22,913.49,New
878,Product test 878,3,Brand test 5,399.33,274.67,960.65,New
879,Product test 879,2,Brand test 2,406.93,469.88,520.94,New
880,Product test 880,4,Brand test 2,401.58,436.82,913.60,New
881,Product test 881,5,Brand test 1,118.53,291.24,519.84,New
882,Product test 882,2,Brand test 4,254.13,271.69,319.09,New
883,Product test 883,4,Brand test 5,170.88,489.56,800.64,Used
884,Product test 884,2,Brand test 3,35.74,21.60,445.78,New
885,Product test 885,4,Brand test 5,266.69,70.55,172.21,Used
886,Product test 886,3,Brand test 3,281.40,38.77,136.11,New
887,Product test 887,2,Brand test 3,407.41,77.06,861.11,Used
888,Product test 888,3,Brand test 3,351.89,211.86,344.51,Used
889,Product test 889,2,Brand test 5,378.35,34.55,96.12,Used
890,Product test 890,3,Brand test 3,158.41,305.64,987.26,New
891,Product test 891,4,Brand test 4,170.99,430.23,592.26,Used
892,Product test 892,2,Brand test 5,135.60,196.13,800.60,Used
893,Product test 893,5,Brand test 1,205.96,301.42,499.92,Used
894,Product test 894,4,Brand test 2,338.39,449.23,886.85,New
895,Product test 895,4,Brand test 2,225.28,279.14,351.44,Used
896,Product test 896,4,Brand test 5,419.37,345.81,454.46,Used
897,Product test 897,5,Brand test 1,118.41,277.96,977.32,Used
898,Product test 898,5,Brand test 1,257.41,416.88,447.58,Used
899,Product test 899,3,Brand test 5,67.60,79.51,482.74,New
900,Product test 900,3,Brand test 2,312.10,451.23,513.47,Used
901,Product test 901,4,Brand test 4,89.89,236.11,432.62,New
902,Product test 902,3,Brand test 4,294.48,275.61,698.06,Used
903,Product test 903,2,Brand test 3,166.33,33.64,554.10,Used
904,Product test 904,5,Brand test 2,248.50,38.55,666.56,New
905,Product test 905,2,Brand test 2,304.99,171.93,684.71,New
906,Product test 906,2,Brand test 1,318.00,204.30,787.69,New
907,Product test 907,4,Brand test 4,266.58,3.11,164.30,New
908,Product test 908,3,Brand test 3,389.05,249.27,431.71,Used
909,Product test 909,4,Brand test 2,49.85,338.43,765.95,Used
910,Product test 910,3,Brand test 3,270.89,334.28,519.23,Used
911,Product test 911,2,Brand test 5,349.53,380.47,638.29,New
912,Product test 912,3,Brand test 2,156.51,223.85,626.05,New
913,Product test 913,3,Brand test 3,369.89,383.33,580.83,Used
914,Product test 914,3,Brand test 5,298.00,364.95,725.16,New
915,Product test 915,4,Brand test 2,275.08,193.56,855.09,Used
916,Product test 916,4,Brand test 4,432.06,290.25,766.09,New
917,Product test 917,3,Brand test 5,342.73,114.04,480.00,New
918,Product test 918,4,Brand test 5,145.73,56.97,364.67,New
919,Product test 919,4,Brand test 2,411.66,366.08,826.04,New
920,Product test 920,4,Brand test 4,401.45,442.27,652.15,Used
921,Product test 921,5,Brand test 1,109.83,330.49,784.90,Used
922,Product test 922,4,Brand test 4,429.62,272.83,798.06,New
923,Product test 923,5,Brand test 4,122.00,281.20,501.27,New
924,Product test 924,5,Brand test 2,131.62,481.45,896.83,New
925,Product test 925,4,Brand test 2,313.65,162.19,618.10,New
926,Product test 926,5,Brand test 5,68.39,460.26,783.52,New
927,Product test 927,5,Brand test 2,332.15,390.03,965.31,Used
928,Product test 928,3,Brand test 1,307.24,278.82,804.78,Used
929,Product test 929,3,Brand test 5,193.15,484.47,576.75,New
930,Product test 930,3,Brand test 1,8.36,211.14,394.81,Used
931,Product test 931,2,Brand test 3,140.94,206.82,249.55,Used
932,Product test 932,4,Brand test 1,473.34,111.31,757.63,New
933,Product test 933,4,Brand test 1,77.12,369.30,689.93,New
934,Product test 934,3,Brand test 3,3.24,293.67,976.60,Used
935,Product test 935,4,Brand test 5,40.19,313.32,692.08,New
936,Product test 936,3,Brand test 2,402.75,473.42,707.68,New
937,Product test 937,4,Brand test 1,402.81,237.99,371.89,Used
938,Product test 938,3,Brand test 4,455.23,332.52,591.46,New
939,Product test 939,2,Brand test 4,350.35,372.38,746.55,New
940,Product test 940,2,Brand test 4,391.75,40.89,202.21,New
941,Product test 941,3,Brand test 3,354.99,302.77,629.99,New
942,Product test 942,2,Brand test 1,10.61,246.29,353.19,Used
943,Product test 943,3,Brand test 5,197.06,182.61,630.82,Used
944,Product test 944,3,Brand test 2,403.70,247.61,448.26,Used
945,Product test 945,3,Brand test 2,22.23,228.91,987.50,New
946,Product test 946,2,Brand test 3,84.42,201.38,831.81,New
947,Product test 947,5,Brand test 4,305.33,22.27,108.98,Used
948,Product test 948,2,Brand test 2,435.86,282.79,643.22,Used
949,Product test 949,3,Brand test 3,129.77,38.92,336.80,Used
950,Product test 950,4,Brand test 4,98.00,157.63,604.24,Used
951,Product test 951,2,Brand test 4,437.01,447.34,757.02,New
952,Product test 952,4,Brand test 3,349.00,328.71,634.62,Used
953,Product test 953,3,Brand test 3,410.77,458.55,781.11,New
954,Product test 954,5,Brand test 4,440.62,204.35,456.65,Used
955,Product test 955,4,Brand test 3,292.25,194.03,763.20,New
956,Product test 956,3,Brand test 5,470.10,284.45,883.91,New
957,Product test 957,3,Brand test 3,128.79,397.61,554.37,Used
958,Product test 958,2,Brand test 3,196.66,177.29,962.93,Used
959,Product test 959,2,Brand test 5,50.82,449.01,496.16,New
960,Product test 960,5,Brand test 3,484.35,6.57,103.39,New
961,Product test 961,5,Brand test 3,305.00,320.25,830.38,Used
962,Product test 962,2,Brand test 4,143.25,235.53,318.85,New
963,Product test 963,5,Brand test 4,49.02,5.76,661.77,Used
964,Product test 964,3,Brand test 5,435.41,213.87,214.19,New
965,Product test 965,1,Brand test 2,249.65,456.19,763.32,New
966,Product test 966,3,Brand test 3,116.01,74.47,323.68,New
967,Product test 967,2,Brand test 4,362.84,344.73,543.75,New
968,Product test 968,3,Brand test 4,415.55,245.14,883.65,New
969,Product test 969,5,Brand test 1,331.33,331.00,742.92,Used
970,Product test 970,4,Brand test 3,296.73,262.02,882.82,Used
971,Product test 971,5,Brand test 4,358.24,367.04,451.35,New
972,Product test 972,4,Brand test 5,497.36,473.02,678.30,New
973,Product test 973,5,Brand test 2,22.00,477.84,525.09,Used
974,Product test 974,3,Brand test 3,100.55,196.08,954.24,New
975,Product test 975,2,Brand test 4,318.78,163.52,580.35,New
976,Product test 976,3,Brand test 1,318.62,366.79,988.89,New
977,Product test 977,3,Brand test 1,14.96,271.38,887.45,New
978,Product test 978,5,Brand test 2,157.47,363.27,867.98,Used
979,Product test 979,3,Brand test 1,360.23,242.18,529.75,New
980,Product test 980,3,Brand test 4,167.41,261.27,859.85,New
981,Product test 981,5,Brand test 4,298.01,291.79,326.93,Used
982,Product test 982,2,Brand test 1,284.59,382.69,450.26,New
983,Product test 983,3,Brand test 4,360.94,131.94,289.76,Used
984,Product test 984,3,Brand test 4,328.50,280.34,624.85,Used
985,Product test 985,4,Brand test 1,468.30,107.57,318.56,New
986,Product test 986,5,Brand test 1,358.88,432.11,572.82,New
987,Product test 987,3,Brand test 1,76.00,376.69,595.64,Used
988,Product test 988,4,Brand test 4,447.80,446.67,526.97,Used
989,Product test 989,5,Brand test 2,51.47,215.03,883.48,New
990,Product test 990,3,Brand test 4,434.87,390.45,950.39,New
991,Product test 991,2,Brand test 3,447.00,358.00,676.42,New
992,Product test 992,4,Brand test 3,426.53,418.37,740.32,New
993,Product test 993,3,Brand test 2,404.02,351.00,387.79,Used
994,Product test 994,5,Brand test 2,46.17,52.02,71.03,Used
995,Product test 995,2,Brand test 3,184.67,51.37,811.52,New
996,Product test 996,2,Brand test 1,408.75,371.48,938.81,Used
997,Product test 997,4,Brand test 2,437.64,296.00,548.79,Used
998,Product test 998,2,Brand test 1,295.97,428.85,660.95,New
999,Product test 999,5,Brand test 2,131.43,39.04,221.30,Used
1000,Product test 1000,4,Brand test 1,125.61,62.53,134.14,Used
