Financial,Description 35,2,24/10/2026,$00D6D916,558,True,<b>This</b> is <i><a href="https://www.tmssoftware.com/site/tmsfncuipack-grid.asp">HTML link</a></i>
logistics,Description 82,6,13/03/2026,$008ED591,275,False,<b>This</b> is <i><a href="https://www.tmssoftware.com/site/tmsfncuipack-grid.asp">HTML link</a></i>
Administrative,Description 59,3,02/11/2026,$0042A775,511,True,<b>This</b> is <i><a href="https://www.tmssoftware.com/site/tmsfncuipack-grid.asp">HTML link</a></i>
Deliveries,Description 100,4,30/05/2026,$006BC7F2,59,True,<b>This</b> is <i><a href="https://www.tmssoftware.com/site/tmsfncuipack-grid.asp">HTML link</a></i>
logistics,Description 58,1,26/02/2025,$00F4188C,366,False,<b>This</b> is <i><a href="https://www.tmssoftware.com/site/tmsfncuipack-grid.asp">HTML link</a></i>
Deliveries,Description 96,9,29/10/2026,$00AA3DAE,396,True,<b>This</b> is <i><a href="https://www.tmssoftware.com/site/tmsfncuipack-grid.asp">HTML link</a></i>
logistics,Description 8,2,16/07/2025,$0003E6A1,204,True,<b>This</b> is <i><a href="https://www.tmssoftware.com/site/tmsfncuipack-grid.asp">HTML link</a></i>
logistics,Description 76,8,23/12/2026,$0022BF91,88,True,<b>This</b> is <i><a href="https://www.tmssoftware.com/site/tmsfncuipack-grid.asp">HTML link</a></i>
Administrative,Description 62,3,13/06/2025,$004118CC,772,True,<b>This</b> is <i><a href="https://www.tmssoftware.com/site/tmsfncuipack-grid.asp">HTML link</a></i>
Financial,Description 23,4,05/04/2026,$00DC5383,848,False,<b>This</b> is <i><a href="https://www.tmssoftware.com/site/tmsfncuipack-grid.asp">HTML link</a></i>
Deliveries,Description 52,1,21/07/2025,$002C5F66,950,False,<b>This</b> is <i><a href="https://www.tmssoftware.com/site/tmsfncuipack-grid.asp">HTML link</a></i>
logistics,Description 28,2,01/12/2026,$00522004,261,False,<b>This</b> is <i><a href="https://www.tmssoftware.com/site/tmsfncuipack-grid.asp">HTML link</a></i>
Deliveries,Description 78,1,03/10/2025,$00807074,698,True,<b>This</b> is <i><a href="https://www.tmssoftware.com/site/tmsfncuipack-grid.asp">HTML link</a></i>
Administrative,Description 43,10,21/08/2025,$00BC983D,492,False,<b>This</b> is <i><a href="https://www.tmssoftware.com/site/tmsfncuipack-grid.asp">HTML link</a></i>
logistics,Description 66,5,11/04/2026,$00027412,33,False,<b>This</b> is <i><a href="https://www.tmssoftware.com/site/tmsfncuipack-grid.asp">HTML link</a></i>
logistics,Description 49,9,30/05/2026,$007FCE77,184,True,<b>This</b> is <i><a href="https://www.tmssoftware.com/site/tmsfncuipack-grid.asp">HTML link</a></i>
Financial,Description 9,8,18/03/2026,$00A77D9F,417,True,<b>This</b> is <i><a href="https://www.tmssoftware.com/site/tmsfncuipack-grid.asp">HTML link</a></i>
Administrative,Description 40,4,10/11/2026,$002A0EFE,321,False,<b>This</b> is <i><a href="https://www.tmssoftware.com/site/tmsfncuipack-grid.asp">HTML link</a></i>
Human resources,Description 88,1,24/05/2025,$00760873,331,False,<b>This</b> is <i><a href="https://www.tmssoftware.com/site/tmsfncuipack-grid.asp">HTML link</a></i>
Human resources,Description 95,7,11/11/2026,$00AFCFF7,856,True,<b>This</b> is <i><a href="https://www.tmssoftware.com/site/tmsfncuipack-grid.asp">HTML link</a></i>
logistics,Description 58,2,12/07/2026,$00170589,334,False,<b>This</b> is <i><a href="https://www.tmssoftware.com/site/tmsfncuipack-grid.asp">HTML link</a></i>
Financial,Description 86,3,19/09/2026,$001EECF7,584,True,<b>This</b> is <i><a href="https://www.tmssoftware.com/site/tmsfncuipack-grid.asp">HTML link</a></i>
Human resources,Description 89,5,09/06/2025,$007ED247,488,False,<b>This</b> is <i><a href="https://www.tmssoftware.com/site/tmsfncuipack-grid.asp">HTML link</a></i>
logistics,Description 34,4,29/10/2026,$00205172,613,False,<b>This</b> is <i><a href="https://www.tmssoftware.com/site/tmsfncuipack-grid.asp">HTML link</a></i>
Financial,Description 8,8,08/04/2026,$008B489C,137,True,<b>This</b> is <i><a href="https://www.tmssoftware.com/site/tmsfncuipack-grid.asp">HTML link</a></i>
Administrative,Description 57,5,19/04/2026,$00EB7A79,840,False,<b>This</b> is <i><a href="https://www.tmssoftware.com/site/tmsfncuipack-grid.asp">HTML link</a></i>
logistics,Description 98,5,18/10/2025,$002FC042,69,False,<b>This</b> is <i><a href="https://www.tmssoftware.com/site/tmsfncuipack-grid.asp">HTML link</a></i>
Deliveries,Description 51,9,28/02/2026,$00A188AE,68,False,<b>This</b> is <i><a href="https://www.tmssoftware.com/site/tmsfncuipack-grid.asp">HTML link</a></i>
Financial,Description 100,10,25/11/2026,$00A5D77D,993,False,<b>This</b> is <i><a href="https://www.tmssoftware.com/site/tmsfncuipack-grid.asp">HTML link</a></i>
Administrative,Description 76,3,13/03/2026,$00E888FC,816,False,<b>This</b> is <i><a href="https://www.tmssoftware.com/site/tmsfncuipack-grid.asp">HTML link</a></i>
Human resources,Description 5,2,04/07/2026,$00E5D041,606,False,<b>This</b> is <i><a href="https://www.tmssoftware.com/site/tmsfncuipack-grid.asp">HTML link</a></i>
Deliveries,Description 53,6,20/01/2025,$007ACD7A,747,False,<b>This</b> is <i><a href="https://www.tmssoftware.com/site/tmsfncuipack-grid.asp">HTML link</a></i>
Administrative,Description 88,6,05/06/2025,$005634B2,767,True,<b>This</b> is <i><a href="https://www.tmssoftware.com/site/tmsfncuipack-grid.asp">HTML link</a></i>
Deliveries,Description 41,10,20/06/2025,$00EA7C6A,279,True,<b>This</b> is <i><a href="https://www.tmssoftware.com/site/tmsfncuipack-grid.asp">HTML link</a></i>
Administrative,Description 48,2,08/10/2025,$00671AE8,54,False,<b>This</b> is <i><a href="https://www.tmssoftware.com/site/tmsfncuipack-grid.asp">HTML link</a></i>
Financial,Description 64,7,04/08/2026,$0005F364,100,True,<b>This</b> is <i><a href="https://www.tmssoftware.com/site/tmsfncuipack-grid.asp">HTML link</a></i>
Administrative,Description 39,4,05/03/2025,$00ED9AC6,261,False,<b>This</b> is <i><a href="https://www.tmssoftware.com/site/tmsfncuipack-grid.asp">HTML link</a></i>
logistics,Description 57,8,11/02/2026,$00B7C3E5,595,True,<b>This</b> is <i><a href="https://www.tmssoftware.com/site/tmsfncuipack-grid.asp">HTML link</a></i>
Deliveries,Description 50,5,19/08/2025,$0061044A,843,True,<b>This</b> is <i><a href="https://www.tmssoftware.com/site/tmsfncuipack-grid.asp">HTML link</a></i>
Financial,Description 19,3,17/05/2025,$000988C0,68,False,<b>This</b> is <i><a href="https://www.tmssoftware.com/site/tmsfncuipack-grid.asp">HTML link</a></i>
Administrative,Description 84,3,28/01/2026,$004FF79B,24,False,<b>This</b> is <i><a href="https://www.tmssoftware.com/site/tmsfncuipack-grid.asp">HTML link</a></i>
Human resources,Description 65,4,02/01/2025,$0098763D,283,False,<b>This</b> is <i><a href="https://www.tmssoftware.com/site/tmsfncuipack-grid.asp">HTML link</a></i>
Deliveries,Description 10,3,15/10/2025,$008C04BC,519,True,<b>This</b> is <i><a href="https://www.tmssoftware.com/site/tmsfncuipack-grid.asp">HTML link</a></i>
Deliveries,Description 69,4,02/11/2026,$000C9EB7,165,True,<b>This</b> is <i><a href="https://www.tmssoftware.com/site/tmsfncuipack-grid.asp">HTML link</a></i>
Human resources,Description 97,4,27/04/2026,$00517469,506,False,<b>This</b> is <i><a href="https://www.tmssoftware.com/site/tmsfncuipack-grid.asp">HTML link</a></i>
Financial,Description 69,7,30/12/2026,$009102E3,180,False,<b>This</b> is <i><a href="https://www.tmssoftware.com/site/tmsfncuipack-grid.asp">HTML link</a></i>
Financial,Description 41,3,28/06/2026,$002D6A9D,175,True,<b>This</b> is <i><a href="https://www.tmssoftware.com/site/tmsfncuipack-grid.asp">HTML link</a></i>
Deliveries,Description 70,4,11/07/2026,$0073F2F8,522,True,<b>This</b> is <i><a href="https://www.tmssoftware.com/site/tmsfncuipack-grid.asp">HTML link</a></i>
Administrative,Description 41,6,26/06/2025,$007DB0DC,713,True,<b>This</b> is <i><a href="https://www.tmssoftware.com/site/tmsfncuipack-grid.asp">HTML link</a></i>
Human resources,Description 25,5,26/02/2025,$00724356,49,False,<b>This</b> is <i><a href="https://www.tmssoftware.com/site/tmsfncuipack-grid.asp">HTML link</a></i>
Deliveries,Description 4,7,02/08/2026,$007CA361,352,False,<b>This</b> is <i><a href="https://www.tmssoftware.com/site/tmsfncuipack-grid.asp">HTML link</a></i>
logistics,Description 47,2,30/09/2026,$00543FBE,209,False,<b>This</b> is <i><a href="https://www.tmssoftware.com/site/tmsfncuipack-grid.asp">HTML link</a></i>
Human resources,Description 75,2,27/11/2026,$00A5D07D,107,True,<b>This</b> is <i><a href="https://www.tmssoftware.com/site/tmsfncuipack-grid.asp">HTML link</a></i>
Deliveries,Description 59,2,30/08/2025,$008F7E06,920,True,<b>This</b> is <i><a href="https://www.tmssoftware.com/site/tmsfncuipack-grid.asp">HTML link</a></i>
Financial,Description 64,2,23/11/2026,$00452C12,951,True,<b>This</b> is <i><a href="https://www.tmssoftware.com/site/tmsfncuipack-grid.asp">HTML link</a></i>
Deliveries,Description 26,4,28/11/2026,$00FEB385,354,True,<b>This</b> is <i><a href="https://www.tmssoftware.com/site/tmsfncuipack-grid.asp">HTML link</a></i>
logistics,Description 43,6,12/10/2025,$00E6CC64,606,False,<b>This</b> is <i><a href="https://www.tmssoftware.com/site/tmsfncuipack-grid.asp">HTML link</a></i>
Administrative,Description 10,3,02/05/2026,$0054A5B2,732,False,<b>This</b> is <i><a href="https://www.tmssoftware.com/site/tmsfncuipack-grid.asp">HTML link</a></i>
Deliveries,Description 26,10,19/03/2026,$0050163F,13,False,<b>This</b> is <i><a href="https://www.tmssoftware.com/site/tmsfncuipack-grid.asp">HTML link</a></i>
Financial,Description 16,10,03/09/2026,$00A5747F,56,False,<b>This</b> is <i><a href="https://www.tmssoftware.com/site/tmsfncuipack-grid.asp">HTML link</a></i>
Financial,Description 39,3,16/05/2026,$008AB88A,282,False,<b>This</b> is <i><a href="https://www.tmssoftware.com/site/tmsfncuipack-grid.asp">HTML link</a></i>
logistics,Description 90,6,21/12/2026,$003B3F22,430,True,<b>This</b> is <i><a href="https://www.tmssoftware.com/site/tmsfncuipack-grid.asp">HTML link</a></i>
Administrative,Description 67,8,11/05/2025,$009FC7B9,718,False,<b>This</b> is <i><a href="https://www.tmssoftware.com/site/tmsfncuipack-grid.asp">HTML link</a></i>
Human resources,Description 37,8,03/05/2026,$002DD149,53,True,<b>This</b> is <i><a href="https://www.tmssoftware.com/site/tmsfncuipack-grid.asp">HTML link</a></i>
Administrative,Description 100,3,04/08/2025,$0004F832,520,True,<b>This</b> is <i><a href="https://www.tmssoftware.com/site/tmsfncuipack-grid.asp">HTML link</a></i>
Human resources,Description 39,10,28/03/2026,$004867C6,330,True,<b>This</b> is <i><a href="https://www.tmssoftware.com/site/tmsfncuipack-grid.asp">HTML link</a></i>
Administrative,Description 27,6,22/07/2026,$000A375E,666,False,<b>This</b> is <i><a href="https://www.tmssoftware.com/site/tmsfncuipack-grid.asp">HTML link</a></i>
Financial,Description 50,9,29/01/2025,$00EEFFC1,678,True,<b>This</b> is <i><a href="https://www.tmssoftware.com/site/tmsfncuipack-grid.asp">HTML link</a></i>
Human resources,Description 8,4,28/07/2026,$000E0D97,442,False,<b>This</b> is <i><a href="https://www.tmssoftware.com/site/tmsfncuipack-grid.asp">HTML link</a></i>
Deliveries,Description 42,5,28/02/2026,$00E83272,381,True,<b>This</b> is <i><a href="https://www.tmssoftware.com/site/tmsfncuipack-grid.asp">HTML link</a></i>
Human resources,Description 36,9,15/07/2026,$005EFA37,159,False,<b>This</b> is <i><a href="https://www.tmssoftware.com/site/tmsfncuipack-grid.asp">HTML link</a></i>
Administrative,Description 33,2,23/04/2026,$00ED5782,879,True,<b>This</b> is <i><a href="https://www.tmssoftware.com/site/tmsfncuipack-grid.asp">HTML link</a></i>
Administrative,Description 37,9,01/05/2025,$009B06CD,421,False,<b>This</b> is <i><a href="https://www.tmssoftware.com/site/tmsfncuipack-grid.asp">HTML link</a></i>
logistics,Description 35,10,18/05/2026,$00F5F0ED,71,True,<b>This</b> is <i><a href="https://www.tmssoftware.com/site/tmsfncuipack-grid.asp">HTML link</a></i>
Financial,Description 59,10,10/02/2026,$008F6524,608,False,<b>This</b> is <i><a href="https://www.tmssoftware.com/site/tmsfncuipack-grid.asp">HTML link</a></i>
Financial,Description 75,10,15/10/2026,$001B27A7,952,True,<b>This</b> is <i><a href="https://www.tmssoftware.com/site/tmsfncuipack-grid.asp">HTML link</a></i>
logistics,Description 46,10,22/01/2026,$00B293EE,2,False,<b>This</b> is <i><a href="https://www.tmssoftware.com/site/tmsfncuipack-grid.asp">HTML link</a></i>
logistics,Description 52,2,30/07/2025,$00E8222A,291,True,<b>This</b> is <i><a href="https://www.tmssoftware.com/site/tmsfncuipack-grid.asp">HTML link</a></i>
Deliveries,Description 43,7,17/06/2025,$00949516,261,True,<b>This</b> is <i><a href="https://www.tmssoftware.com/site/tmsfncuipack-grid.asp">HTML link</a></i>
Human resources,Description 69,2,13/03/2025,$00073ACD,817,True,<b>This</b> is <i><a href="https://www.tmssoftware.com/site/tmsfncuipack-grid.asp">HTML link</a></i>
logistics,Description 67,3,28/07/2026,$004BDFE5,541,False,<b>This</b> is <i><a href="https://www.tmssoftware.com/site/tmsfncuipack-grid.asp">HTML link</a></i>
logistics,Description 14,5,09/03/2025,$00A93107,973,False,<b>This</b> is <i><a href="https://www.tmssoftware.com/site/tmsfncuipack-grid.asp">HTML link</a></i>
Financial,Description 69,9,04/03/2025,$002258E4,19,False,<b>This</b> is <i><a href="https://www.tmssoftware.com/site/tmsfncuipack-grid.asp">HTML link</a></i>
logistics,Description 49,5,29/08/2026,$00937BD5,772,True,<b>This</b> is <i><a href="https://www.tmssoftware.com/site/tmsfncuipack-grid.asp">HTML link</a></i>
logistics,Description 69,10,01/10/2026,$006493D4,403,False,<b>This</b> is <i><a href="https://www.tmssoftware.com/site/tmsfncuipack-grid.asp">HTML link</a></i>
Financial,Description 48,2,16/08/2026,$00FDA6E1,390,True,<b>This</b> is <i><a href="https://www.tmssoftware.com/site/tmsfncuipack-grid.asp">HTML link</a></i>
Administrative,Description 96,9,28/07/2026,$0088FD05,498,True,<b>This</b> is <i><a href="https://www.tmssoftware.com/site/tmsfncuipack-grid.asp">HTML link</a></i>
Human resources,Description 34,6,08/01/2026,$00370023,29,False,<b>This</b> is <i><a href="https://www.tmssoftware.com/site/tmsfncuipack-grid.asp">HTML link</a></i>
logistics,Description 97,5,07/05/2026,$0037115B,400,False,<b>This</b> is <i><a href="https://www.tmssoftware.com/site/tmsfncuipack-grid.asp">HTML link</a></i>
Deliveries,Description 5,8,04/01/2026,$00582BE6,907,False,<b>This</b> is <i><a href="https://www.tmssoftware.com/site/tmsfncuipack-grid.asp">HTML link</a></i>
Financial,Description 84,7,03/06/2025,$00CB3690,751,False,<b>This</b> is <i><a href="https://www.tmssoftware.com/site/tmsfncuipack-grid.asp">HTML link</a></i>
Human resources,Description 73,9,18/12/2026,$006E56D6,650,True,<b>This</b> is <i><a href="https://www.tmssoftware.com/site/tmsfncuipack-grid.asp">HTML link</a></i>
Human resources,Description 77,4,25/06/2026,$002B9E5F,292,True,<b>This</b> is <i><a href="https://www.tmssoftware.com/site/tmsfncuipack-grid.asp">HTML link</a></i>
Financial,Description 84,6,06/02/2026,$00EC0087,166,True,<b>This</b> is <i><a href="https://www.tmssoftware.com/site/tmsfncuipack-grid.asp">HTML link</a></i>
Administrative,Description 6,8,26/07/2026,$0034694A,314,False,<b>This</b> is <i><a href="https://www.tmssoftware.com/site/tmsfncuipack-grid.asp">HTML link</a></i>
Administrative,Description 27,5,31/08/2025,$002A8BA1,845,True,<b>This</b> is <i><a href="https://www.tmssoftware.com/site/tmsfncuipack-grid.asp">HTML link</a></i>
Financial,Description 58,2,02/01/2026,$0063D998,7,True,<b>This</b> is <i><a href="https://www.tmssoftware.com/site/tmsfncuipack-grid.asp">HTML link</a></i>
Deliveries,Description 79,1,30/06/2026,$0031E617,200,True,<b>This</b> is <i><a href="https://www.tmssoftware.com/site/tmsfncuipack-grid.asp">HTML link</a></i>
Administrative,Description 67,2,17/01/2026,$00AF7CA3,728,True,<b>This</b> is <i><a href="https://www.tmssoftware.com/site/tmsfncuipack-grid.asp">HTML link</a></i>
