Department,Description,Number,RegistrationDate,Limit,Status,HTMLEditor
Deliveries,Description 17,5,15/11/2026,6163.91,False,"<b>This</b> is <i><a href=""https://www.tmssoftware.com/site/tmsfncuipack-grid.asp"">HTML link</a></i>"
Human resources,Description 92,7,21/10/2025,249.25,False,"<b>This</b> is <i><a href=""https://www.tmssoftware.com/site/tmsfncuipack-grid.asp"">HTML link</a></i>"
Deliveries,Description 79,1,19/10/2025,7499.77,False,"<b>This</b> is <i><a href=""https://www.tmssoftware.com/site/tmsfncuipack-grid.asp"">HTML link</a></i>"
Deliveries,Description 64,2,21/01/2025,5600.71,True,"<b>This</b> is <i><a href=""https://www.tmssoftware.com/site/tmsfncuipack-grid.asp"">HTML link</a></i>"
Deliveries,Description 56,1,25/02/2026,6869.02,True,"<b>This</b> is <i><a href=""https://www.tmssoftware.com/site/tmsfncuipack-grid.asp"">HTML link</a></i>"
Deliveries,Description 33,3,18/07/2026,5641.04,True,"<b>This</b> is <i><a href=""https://www.tmssoftware.com/site/tmsfncuipack-grid.asp"">HTML link</a></i>"
Human resources,Description 48,5,01/03/2025,7831.19,True,"<b>This</b> is <i><a href=""https://www.tmssoftware.com/site/tmsfncuipack-grid.asp"">HTML link</a></i>"
logistics,Description 9,3,26/07/2025,8194.21,False,"<b>This</b> is <i><a href=""https://www.tmssoftware.com/site/tmsfncuipack-grid.asp"">HTML link</a></i>"
logistics,Description 88,4,14/09/2026,6556.85,True,"<b>This</b> is <i><a href=""https://www.tmssoftware.com/site/tmsfncuipack-grid.asp"">HTML link</a></i>"
Deliveries,Description 49,2,19/01/2026,889.98,True,"<b>This</b> is <i><a href=""https://www.tmssoftware.com/site/tmsfncuipack-grid.asp"">HTML link</a></i>"
Deliveries,Description 63,4,27/05/2026,3712.15,False,"<b>This</b> is <i><a href=""https://www.tmssoftware.com/site/tmsfncuipack-grid.asp"">HTML link</a></i>"
Human resources,Description 94,8,30/05/2026,1944.63,True,"<b>This</b> is <i><a href=""https://www.tmssoftware.com/site/tmsfncuipack-grid.asp"">HTML link</a></i>"
Administrative,Description 13,8,15/10/2025,5197.60,True,"<b>This</b> is <i><a href=""https://www.tmssoftware.com/site/tmsfncuipack-grid.asp"">HTML link</a></i>"
Administrative,Description 53,7,16/09/2026,8082.26,True,"<b>This</b> is <i><a href=""https://www.tmssoftware.com/site/tmsfncuipack-grid.asp"">HTML link</a></i>"
Human resources,Description 40,5,19/10/2025,4284.49,True,"<b>This</b> is <i><a href=""https://www.tmssoftware.com/site/tmsfncuipack-grid.asp"">HTML link</a></i>"
Financial,Description 97,7,22/02/2025,7025.23,True,"<b>This</b> is <i><a href=""https://www.tmssoftware.com/site/tmsfncuipack-grid.asp"">HTML link</a></i>"
Deliveries,Description 70,5,11/11/2026,8496.73,False,"<b>This</b> is <i><a href=""https://www.tmssoftware.com/site/tmsfncuipack-grid.asp"">HTML link</a></i>"
logistics,Description 19,6,16/02/2026,7944.50,False,"<b>This</b> is <i><a href=""https://www.tmssoftware.com/site/tmsfncuipack-grid.asp"">HTML link</a></i>"
Financial,Description 80,8,04/12/2025,6658.50,False,"<b>This</b> is <i><a href=""https://www.tmssoftware.com/site/tmsfncuipack-grid.asp"">HTML link</a></i>"
Deliveries,Description 64,1,11/10/2025,7979.50,False,"<b>This</b> is <i><a href=""https://www.tmssoftware.com/site/tmsfncuipack-grid.asp"">HTML link</a></i>"
Human resources,Description 49,9,29/01/2025,5411.35,False,"<b>This</b> is <i><a href=""https://www.tmssoftware.com/site/tmsfncuipack-grid.asp"">HTML link</a></i>"
Financial,Description 58,9,02/08/2025,3493.00,True,"<b>This</b> is <i><a href=""https://www.tmssoftware.com/site/tmsfncuipack-grid.asp"">HTML link</a></i>"
logistics,Description 67,8,28/11/2025,4158.76,True,"<b>This</b> is <i><a href=""https://www.tmssoftware.com/site/tmsfncuipack-grid.asp"">HTML link</a></i>"
Administrative,Description 68,3,30/01/2025,5797.48,False,"<b>This</b> is <i><a href=""https://www.tmssoftware.com/site/tmsfncuipack-grid.asp"">HTML link</a></i>"
logistics,Description 85,1,22/05/2026,7017.15,True,"<b>This</b> is <i><a href=""https://www.tmssoftware.com/site/tmsfncuipack-grid.asp"">HTML link</a></i>"
logistics,Description 93,1,28/08/2025,851.20,True,"<b>This</b> is <i><a href=""https://www.tmssoftware.com/site/tmsfncuipack-grid.asp"">HTML link</a></i>"
Human resources,Description 25,1,26/11/2025,6429.09,False,"<b>This</b> is <i><a href=""https://www.tmssoftware.com/site/tmsfncuipack-grid.asp"">HTML link</a></i>"
logistics,Description 79,8,25/12/2026,5797.33,False,"<b>This</b> is <i><a href=""https://www.tmssoftware.com/site/tmsfncuipack-grid.asp"">HTML link</a></i>"
logistics,Description 46,1,26/09/2025,2927.06,False,"<b>This</b> is <i><a href=""https://www.tmssoftware.com/site/tmsfncuipack-grid.asp"">HTML link</a></i>"
Deliveries,Description 76,8,11/08/2026,5024.72,False,"<b>This</b> is <i><a href=""https://www.tmssoftware.com/site/tmsfncuipack-grid.asp"">HTML link</a></i>"
Human resources,Description 74,9,31/10/2025,5646.30,False,"<b>This</b> is <i><a href=""https://www.tmssoftware.com/site/tmsfncuipack-grid.asp"">HTML link</a></i>"
Financial,Description 15,2,01/02/2026,3882.21,False,"<b>This</b> is <i><a href=""https://www.tmssoftware.com/site/tmsfncuipack-grid.asp"">HTML link</a></i>"
logistics,Description 68,3,13/10/2025,8498.55,False,"<b>This</b> is <i><a href=""https://www.tmssoftware.com/site/tmsfncuipack-grid.asp"">HTML link</a></i>"
Human resources,Description 89,6,07/07/2025,6031.52,True,"<b>This</b> is <i><a href=""https://www.tmssoftware.com/site/tmsfncuipack-grid.asp"">HTML link</a></i>"
logistics,Description 55,2,01/09/2025,1957.79,True,"<b>This</b> is <i><a href=""https://www.tmssoftware.com/site/tmsfncuipack-grid.asp"">HTML link</a></i>"
logistics,Description 78,2,23/05/2026,2422.63,False,"<b>This</b> is <i><a href=""https://www.tmssoftware.com/site/tmsfncuipack-grid.asp"">HTML link</a></i>"
Deliveries,Description 35,1,24/10/2026,2833.10,True,"<b>This</b> is <i><a href=""https://www.tmssoftware.com/site/tmsfncuipack-grid.asp"">HTML link</a></i>"
logistics,Description 73,8,20/05/2026,7512.13,False,"<b>This</b> is <i><a href=""https://www.tmssoftware.com/site/tmsfncuipack-grid.asp"">HTML link</a></i>"
logistics,Description 63,8,27/01/2026,3862.88,False,"<b>This</b> is <i><a href=""https://www.tmssoftware.com/site/tmsfncuipack-grid.asp"">HTML link</a></i>"
Deliveries,Description 17,10,09/03/2025,6560.28,False,"<b>This</b> is <i><a href=""https://www.tmssoftware.com/site/tmsfncuipack-grid.asp"">HTML link</a></i>"
logistics,Description 9,2,26/01/2025,9967.09,False,"<b>This</b> is <i><a href=""https://www.tmssoftware.com/site/tmsfncuipack-grid.asp"">HTML link</a></i>"
Deliveries,Description 34,5,12/06/2025,7696.07,False,"<b>This</b> is <i><a href=""https://www.tmssoftware.com/site/tmsfncuipack-grid.asp"">HTML link</a></i>"
logistics,Description 23,3,12/01/2026,4209.55,True,"<b>This</b> is <i><a href=""https://www.tmssoftware.com/site/tmsfncuipack-grid.asp"">HTML link</a></i>"
Deliveries,Description 30,7,16/08/2026,8848.44,True,"<b>This</b> is <i><a href=""https://www.tmssoftware.com/site/tmsfncuipack-grid.asp"">HTML link</a></i>"
Human resources,Description 100,5,23/04/2025,930.70,True,"<b>This</b> is <i><a href=""https://www.tmssoftware.com/site/tmsfncuipack-grid.asp"">HTML link</a></i>"
Human resources,Description 58,4,19/10/2025,9976.46,False,"<b>This</b> is <i><a href=""https://www.tmssoftware.com/site/tmsfncuipack-grid.asp"">HTML link</a></i>"
Financial,Description 85,1,11/09/2025,914.38,True,"<b>This</b> is <i><a href=""https://www.tmssoftware.com/site/tmsfncuipack-grid.asp"">HTML link</a></i>"
logistics,Description 62,4,30/05/2026,1950.58,False,"<b>This</b> is <i><a href=""https://www.tmssoftware.com/site/tmsfncuipack-grid.asp"">HTML link</a></i>"
Administrative,Description 68,4,21/05/2025,4224.34,True,"<b>This</b> is <i><a href=""https://www.tmssoftware.com/site/tmsfncuipack-grid.asp"">HTML link</a></i>"
Administrative,Description 39,8,19/01/2025,958.22,False,"<b>This</b> is <i><a href=""https://www.tmssoftware.com/site/tmsfncuipack-grid.asp"">HTML link</a></i>"
Human resources,Description 47,7,15/11/2025,4532.69,False,"<b>This</b> is <i><a href=""https://www.tmssoftware.com/site/tmsfncuipack-grid.asp"">HTML link</a></i>"
Deliveries,Description 84,1,02/03/2025,988.30,True,"<b>This</b> is <i><a href=""https://www.tmssoftware.com/site/tmsfncuipack-grid.asp"">HTML link</a></i>"
Financial,Description 72,5,31/03/2026,5558.77,False,"<b>This</b> is <i><a href=""https://www.tmssoftware.com/site/tmsfncuipack-grid.asp"">HTML link</a></i>"
logistics,Description 78,6,16/06/2026,2923.81,True,"<b>This</b> is <i><a href=""https://www.tmssoftware.com/site/tmsfncuipack-grid.asp"">HTML link</a></i>"
Financial,Description 55,1,15/10/2025,8163.85,True,"<b>This</b> is <i><a href=""https://www.tmssoftware.com/site/tmsfncuipack-grid.asp"">HTML link</a></i>"
Financial,Description 45,7,08/07/2025,1102.12,True,"<b>This</b> is <i><a href=""https://www.tmssoftware.com/site/tmsfncuipack-grid.asp"">HTML link</a></i>"
Administrative,Description 34,10,08/03/2025,3731.34,True,"<b>This</b> is <i><a href=""https://www.tmssoftware.com/site/tmsfncuipack-grid.asp"">HTML link</a></i>"
logistics,Description 15,8,07/02/2025,9101.45,True,"<b>This</b> is <i><a href=""https://www.tmssoftware.com/site/tmsfncuipack-grid.asp"">HTML link</a></i>"
Administrative,Description 70,8,21/04/2026,497.89,True,"<b>This</b> is <i><a href=""https://www.tmssoftware.com/site/tmsfncuipack-grid.asp"">HTML link</a></i>"
logistics,Description 58,6,08/03/2025,332.40,True,"<b>This</b> is <i><a href=""https://www.tmssoftware.com/site/tmsfncuipack-grid.asp"">HTML link</a></i>"
Deliveries,Description 68,7,04/09/2026,2683.19,False,"<b>This</b> is <i><a href=""https://www.tmssoftware.com/site/tmsfncuipack-grid.asp"">HTML link</a></i>"
logistics,Description 55,5,15/02/2026,7477.20,True,"<b>This</b> is <i><a href=""https://www.tmssoftware.com/site/tmsfncuipack-grid.asp"">HTML link</a></i>"
Deliveries,Description 57,10,12/06/2025,9453.58,False,"<b>This</b> is <i><a href=""https://www.tmssoftware.com/site/tmsfncuipack-grid.asp"">HTML link</a></i>"
Administrative,Description 14,7,10/07/2025,821.06,True,"<b>This</b> is <i><a href=""https://www.tmssoftware.com/site/tmsfncuipack-grid.asp"">HTML link</a></i>"
Administrative,Description 62,9,04/07/2026,9324.00,False,"<b>This</b> is <i><a href=""https://www.tmssoftware.com/site/tmsfncuipack-grid.asp"">HTML link</a></i>"
Deliveries,Description 98,9,27/09/2025,222.48,False,"<b>This</b> is <i><a href=""https://www.tmssoftware.com/site/tmsfncuipack-grid.asp"">HTML link</a></i>"
Human resources,Description 92,7,09/05/2026,6263.23,True,"<b>This</b> is <i><a href=""https://www.tmssoftware.com/site/tmsfncuipack-grid.asp"">HTML link</a></i>"
Administrative,Description 52,9,06/10/2026,401.58,False,"<b>This</b> is <i><a href=""https://www.tmssoftware.com/site/tmsfncuipack-grid.asp"">HTML link</a></i>"
Administrative,Description 50,10,23/05/2026,1365.14,True,"<b>This</b> is <i><a href=""https://www.tmssoftware.com/site/tmsfncuipack-grid.asp"">HTML link</a></i>"
Deliveries,Description 5,1,17/06/2026,2526.88,True,"<b>This</b> is <i><a href=""https://www.tmssoftware.com/site/tmsfncuipack-grid.asp"">HTML link</a></i>"
Deliveries,Description 84,2,16/04/2025,427.52,True,"<b>This</b> is <i><a href=""https://www.tmssoftware.com/site/tmsfncuipack-grid.asp"">HTML link</a></i>"
Human resources,Description 11,8,11/12/2026,5405.97,True,"<b>This</b> is <i><a href=""https://www.tmssoftware.com/site/tmsfncuipack-grid.asp"">HTML link</a></i>"
Administrative,Description 59,7,17/12/2025,3776.35,True,"<b>This</b> is <i><a href=""https://www.tmssoftware.com/site/tmsfncuipack-grid.asp"">HTML link</a></i>"
Financial,Description 50,3,20/08/2025,4090.42,False,"<b>This</b> is <i><a href=""https://www.tmssoftware.com/site/tmsfncuipack-grid.asp"">HTML link</a></i>"
Administrative,Description 97,1,03/01/2025,3167.69,False,"<b>This</b> is <i><a href=""https://www.tmssoftware.com/site/tmsfncuipack-grid.asp"">HTML link</a></i>"
Financial,Description 18,8,19/09/2025,5152.80,True,"<b>This</b> is <i><a href=""https://www.tmssoftware.com/site/tmsfncuipack-grid.asp"">HTML link</a></i>"
Deliveries,Description 74,2,31/07/2026,4846.33,False,"<b>This</b> is <i><a href=""https://www.tmssoftware.com/site/tmsfncuipack-grid.asp"">HTML link</a></i>"
Human resources,Description 39,1,02/04/2025,114.52,False,"<b>This</b> is <i><a href=""https://www.tmssoftware.com/site/tmsfncuipack-grid.asp"">HTML link</a></i>"
logistics,Description 22,10,19/10/2025,5329.99,True,"<b>This</b> is <i><a href=""https://www.tmssoftware.com/site/tmsfncuipack-grid.asp"">HTML link</a></i>"
Financial,Description 18,6,17/06/2026,4774.65,True,"<b>This</b> is <i><a href=""https://www.tmssoftware.com/site/tmsfncuipack-grid.asp"">HTML link</a></i>"
Human resources,Description 34,3,28/06/2025,2128.52,True,"<b>This</b> is <i><a href=""https://www.tmssoftware.com/site/tmsfncuipack-grid.asp"">HTML link</a></i>"
Human resources,Description 49,3,28/01/2025,2007.44,False,"<b>This</b> is <i><a href=""https://www.tmssoftware.com/site/tmsfncuipack-grid.asp"">HTML link</a></i>"
Deliveries,Description 81,8,17/12/2026,355.54,True,"<b>This</b> is <i><a href=""https://www.tmssoftware.com/site/tmsfncuipack-grid.asp"">HTML link</a></i>"
Administrative,Description 19,10,30/05/2025,3082.28,False,"<b>This</b> is <i><a href=""https://www.tmssoftware.com/site/tmsfncuipack-grid.asp"">HTML link</a></i>"
Administrative,Description 25,9,22/02/2025,8121.49,False,"<b>This</b> is <i><a href=""https://www.tmssoftware.com/site/tmsfncuipack-grid.asp"">HTML link</a></i>"
Financial,Description 59,10,27/06/2026,9883.03,True,"<b>This</b> is <i><a href=""https://www.tmssoftware.com/site/tmsfncuipack-grid.asp"">HTML link</a></i>"
Financial,Description 51,9,23/06/2025,9066.16,True,"<b>This</b> is <i><a href=""https://www.tmssoftware.com/site/tmsfncuipack-grid.asp"">HTML link</a></i>"
Deliveries,Description 26,4,16/04/2026,7430.20,True,"<b>This</b> is <i><a href=""https://www.tmssoftware.com/site/tmsfncuipack-grid.asp"">HTML link</a></i>"
Deliveries,Description 98,7,28/04/2026,5324.18,False,"<b>This</b> is <i><a href=""https://www.tmssoftware.com/site/tmsfncuipack-grid.asp"">HTML link</a></i>"
Human resources,Description 13,1,11/02/2026,5875.01,False,"<b>This</b> is <i><a href=""https://www.tmssoftware.com/site/tmsfncuipack-grid.asp"">HTML link</a></i>"
logistics,Description 28,8,18/10/2026,4582.35,False,"<b>This</b> is <i><a href=""https://www.tmssoftware.com/site/tmsfncuipack-grid.asp"">HTML link</a></i>"
logistics,Description 13,10,02/02/2026,6369.89,False,"<b>This</b> is <i><a href=""https://www.tmssoftware.com/site/tmsfncuipack-grid.asp"">HTML link</a></i>"
Human resources,Description 39,7,04/04/2026,8464.21,False,"<b>This</b> is <i><a href=""https://www.tmssoftware.com/site/tmsfncuipack-grid.asp"">HTML link</a></i>"
Financial,Description 69,7,08/08/2026,4526.77,True,"<b>This</b> is <i><a href=""https://www.tmssoftware.com/site/tmsfncuipack-grid.asp"">HTML link</a></i>"
Financial,Description 65,5,14/10/2026,7491.04,True,"<b>This</b> is <i><a href=""https://www.tmssoftware.com/site/tmsfncuipack-grid.asp"">HTML link</a></i>"
Administrative,Description 17,9,21/05/2025,7646.18,False,"<b>This</b> is <i><a href=""https://www.tmssoftware.com/site/tmsfncuipack-grid.asp"">HTML link</a></i>"
Deliveries,Description 42,7,23/12/2025,6575.54,True,"<b>This</b> is <i><a href=""https://www.tmssoftware.com/site/tmsfncuipack-grid.asp"">HTML link</a></i>"
logistics,Description 40,9,19/12/2026,1101.94,True,"<b>This</b> is <i><a href=""https://www.tmssoftware.com/site/tmsfncuipack-grid.asp"">HTML link</a></i>"
Human resources,Description 1,9,15/03/2026,1654.65,False,"<b>This</b> is <i><a href=""https://www.tmssoftware.com/site/tmsfncuipack-grid.asp"">HTML link</a></i>"
Financial,Description 10,9,16/12/2026,7862.75,True,"<b>This</b> is <i><a href=""https://www.tmssoftware.com/site/tmsfncuipack-grid.asp"">HTML link</a></i>"
Deliveries,Description 77,4,09/10/2025,6757.68,False,"<b>This</b> is <i><a href=""https://www.tmssoftware.com/site/tmsfncuipack-grid.asp"">HTML link</a></i>"
Human resources,Description 98,4,03/04/2026,7248.60,True,"<b>This</b> is <i><a href=""https://www.tmssoftware.com/site/tmsfncuipack-grid.asp"">HTML link</a></i>"
Deliveries,Description 11,10,09/03/2025,5164.30,False,"<b>This</b> is <i><a href=""https://www.tmssoftware.com/site/tmsfncuipack-grid.asp"">HTML link</a></i>"
Human resources,Description 2,10,04/02/2025,6581.90,False,"<b>This</b> is <i><a href=""https://www.tmssoftware.com/site/tmsfncuipack-grid.asp"">HTML link</a></i>"
Human resources,Description 76,10,31/12/2025,6591.50,False,"<b>This</b> is <i><a href=""https://www.tmssoftware.com/site/tmsfncuipack-grid.asp"">HTML link</a></i>"
Human resources,Description 39,8,07/01/2025,1987.88,True,"<b>This</b> is <i><a href=""https://www.tmssoftware.com/site/tmsfncuipack-grid.asp"">HTML link</a></i>"
Financial,Description 70,10,31/05/2025,89.93,True,"<b>This</b> is <i><a href=""https://www.tmssoftware.com/site/tmsfncuipack-grid.asp"">HTML link</a></i>"
Administrative,Description 48,2,08/12/2026,8303.37,False,"<b>This</b> is <i><a href=""https://www.tmssoftware.com/site/tmsfncuipack-grid.asp"">HTML link</a></i>"
Administrative,Description 36,3,07/11/2025,1493.26,True,"<b>This</b> is <i><a href=""https://www.tmssoftware.com/site/tmsfncuipack-grid.asp"">HTML link</a></i>"
Administrative,Description 51,7,13/07/2025,7685.54,True,"<b>This</b> is <i><a href=""https://www.tmssoftware.com/site/tmsfncuipack-grid.asp"">HTML link</a></i>"
Deliveries,Description 95,8,08/05/2025,2159.16,True,"<b>This</b> is <i><a href=""https://www.tmssoftware.com/site/tmsfncuipack-grid.asp"">HTML link</a></i>"
logistics,Description 75,10,20/03/2026,9560.27,False,"<b>This</b> is <i><a href=""https://www.tmssoftware.com/site/tmsfncuipack-grid.asp"">HTML link</a></i>"
logistics,Description 35,5,08/03/2025,5751.41,False,"<b>This</b> is <i><a href=""https://www.tmssoftware.com/site/tmsfncuipack-grid.asp"">HTML link</a></i>"
Financial,Description 12,3,07/08/2026,3207.19,False,"<b>This</b> is <i><a href=""https://www.tmssoftware.com/site/tmsfncuipack-grid.asp"">HTML link</a></i>"
Deliveries,Description 40,6,28/12/2026,8590.53,False,"<b>This</b> is <i><a href=""https://www.tmssoftware.com/site/tmsfncuipack-grid.asp"">HTML link</a></i>"
Human resources,Description 10,4,28/09/2026,4276.83,False,"<b>This</b> is <i><a href=""https://www.tmssoftware.com/site/tmsfncuipack-grid.asp"">HTML link</a></i>"
Administrative,Description 11,8,17/08/2026,8444.03,False,"<b>This</b> is <i><a href=""https://www.tmssoftware.com/site/tmsfncuipack-grid.asp"">HTML link</a></i>"
logistics,Description 48,6,05/07/2026,8657.22,False,"<b>This</b> is <i><a href=""https://www.tmssoftware.com/site/tmsfncuipack-grid.asp"">HTML link</a></i>"
Deliveries,Description 60,1,07/12/2025,6338.58,False,"<b>This</b> is <i><a href=""https://www.tmssoftware.com/site/tmsfncuipack-grid.asp"">HTML link</a></i>"
Deliveries,Description 57,7,13/05/2026,3047.48,False,"<b>This</b> is <i><a href=""https://www.tmssoftware.com/site/tmsfncuipack-grid.asp"">HTML link</a></i>"
Human resources,Description 26,3,04/05/2025,9238.68,True,"<b>This</b> is <i><a href=""https://www.tmssoftware.com/site/tmsfncuipack-grid.asp"">HTML link</a></i>"
Human resources,Description 10,1,16/11/2026,4359.00,True,"<b>This</b> is <i><a href=""https://www.tmssoftware.com/site/tmsfncuipack-grid.asp"">HTML link</a></i>"
Administrative,Description 6,7,03/04/2026,1709.74,True,"<b>This</b> is <i><a href=""https://www.tmssoftware.com/site/tmsfncuipack-grid.asp"">HTML link</a></i>"
logistics,Description 68,8,16/12/2025,6184.61,True,"<b>This</b> is <i><a href=""https://www.tmssoftware.com/site/tmsfncuipack-grid.asp"">HTML link</a></i>"
Administrative,Description 38,9,25/06/2025,7348.77,False,"<b>This</b> is <i><a href=""https://www.tmssoftware.com/site/tmsfncuipack-grid.asp"">HTML link</a></i>"
Administrative,Description 39,4,22/10/2026,4693.26,True,"<b>This</b> is <i><a href=""https://www.tmssoftware.com/site/tmsfncuipack-grid.asp"">HTML link</a></i>"
Human resources,Description 76,8,20/08/2025,9080.71,False,"<b>This</b> is <i><a href=""https://www.tmssoftware.com/site/tmsfncuipack-grid.asp"">HTML link</a></i>"
logistics,Description 87,8,06/10/2026,7855.48,False,"<b>This</b> is <i><a href=""https://www.tmssoftware.com/site/tmsfncuipack-grid.asp"">HTML link</a></i>"
logistics,Description 19,8,19/10/2026,7341.81,True,"<b>This</b> is <i><a href=""https://www.tmssoftware.com/site/tmsfncuipack-grid.asp"">HTML link</a></i>"
Human resources,Description 21,9,10/10/2026,9819.17,True,"<b>This</b> is <i><a href=""https://www.tmssoftware.com/site/tmsfncuipack-grid.asp"">HTML link</a></i>"
Administrative,Description 33,3,31/07/2025,9118.59,False,"<b>This</b> is <i><a href=""https://www.tmssoftware.com/site/tmsfncuipack-grid.asp"">HTML link</a></i>"
Financial,Description 10,2,26/12/2025,7818.71,True,"<b>This</b> is <i><a href=""https://www.tmssoftware.com/site/tmsfncuipack-grid.asp"">HTML link</a></i>"
Financial,Description 46,2,17/05/2026,4637.28,False,"<b>This</b> is <i><a href=""https://www.tmssoftware.com/site/tmsfncuipack-grid.asp"">HTML link</a></i>"
logistics,Description 14,10,22/03/2026,3274.08,True,"<b>This</b> is <i><a href=""https://www.tmssoftware.com/site/tmsfncuipack-grid.asp"">HTML link</a></i>"
logistics,Description 100,4,28/06/2026,3867.69,True,"<b>This</b> is <i><a href=""https://www.tmssoftware.com/site/tmsfncuipack-grid.asp"">HTML link</a></i>"
Financial,Description 15,4,08/10/2025,6637.95,False,"<b>This</b> is <i><a href=""https://www.tmssoftware.com/site/tmsfncuipack-grid.asp"">HTML link</a></i>"
Human resources,Description 84,8,19/03/2026,235.46,False,"<b>This</b> is <i><a href=""https://www.tmssoftware.com/site/tmsfncuipack-grid.asp"">HTML link</a></i>"
Deliveries,Description 99,4,22/05/2026,6266.88,False,"<b>This</b> is <i><a href=""https://www.tmssoftware.com/site/tmsfncuipack-grid.asp"">HTML link</a></i>"
logistics,Description 47,6,19/08/2025,4138.09,False,"<b>This</b> is <i><a href=""https://www.tmssoftware.com/site/tmsfncuipack-grid.asp"">HTML link</a></i>"
Deliveries,Description 68,9,01/11/2026,3343.99,True,"<b>This</b> is <i><a href=""https://www.tmssoftware.com/site/tmsfncuipack-grid.asp"">HTML link</a></i>"
logistics,Description 30,3,28/04/2025,7201.93,False,"<b>This</b> is <i><a href=""https://www.tmssoftware.com/site/tmsfncuipack-grid.asp"">HTML link</a></i>"
Deliveries,Description 36,5,28/07/2026,7724.19,False,"<b>This</b> is <i><a href=""https://www.tmssoftware.com/site/tmsfncuipack-grid.asp"">HTML link</a></i>"
Financial,Description 97,1,17/05/2025,4069.96,True,"<b>This</b> is <i><a href=""https://www.tmssoftware.com/site/tmsfncuipack-grid.asp"">HTML link</a></i>"
Financial,Description 35,10,03/10/2025,7792.94,False,"<b>This</b> is <i><a href=""https://www.tmssoftware.com/site/tmsfncuipack-grid.asp"">HTML link</a></i>"
Human resources,Description 16,10,07/03/2026,8561.27,False,"<b>This</b> is <i><a href=""https://www.tmssoftware.com/site/tmsfncuipack-grid.asp"">HTML link</a></i>"
Deliveries,Description 94,9,26/05/2026,1160.46,False,"<b>This</b> is <i><a href=""https://www.tmssoftware.com/site/tmsfncuipack-grid.asp"">HTML link</a></i>"
Administrative,Description 78,8,20/02/2026,7144.83,True,"<b>This</b> is <i><a href=""https://www.tmssoftware.com/site/tmsfncuipack-grid.asp"">HTML link</a></i>"
Administrative,Description 96,1,25/04/2026,9108.41,True,"<b>This</b> is <i><a href=""https://www.tmssoftware.com/site/tmsfncuipack-grid.asp"">HTML link</a></i>"
Deliveries,Description 53,5,05/06/2025,2570.23,True,"<b>This</b> is <i><a href=""https://www.tmssoftware.com/site/tmsfncuipack-grid.asp"">HTML link</a></i>"
Human resources,Description 92,1,13/09/2026,2027.38,True,"<b>This</b> is <i><a href=""https://www.tmssoftware.com/site/tmsfncuipack-grid.asp"">HTML link</a></i>"
Human resources,Description 24,2,14/04/2025,8692.26,True,"<b>This</b> is <i><a href=""https://www.tmssoftware.com/site/tmsfncuipack-grid.asp"">HTML link</a></i>"
Deliveries,Description 51,8,03/01/2026,8987.86,False,"<b>This</b> is <i><a href=""https://www.tmssoftware.com/site/tmsfncuipack-grid.asp"">HTML link</a></i>"
Human resources,Description 31,1,25/09/2025,6193.37,True,"<b>This</b> is <i><a href=""https://www.tmssoftware.com/site/tmsfncuipack-grid.asp"">HTML link</a></i>"
logistics,Description 86,3,27/08/2026,6391.74,True,"<b>This</b> is <i><a href=""https://www.tmssoftware.com/site/tmsfncuipack-grid.asp"">HTML link</a></i>"
Deliveries,Description 54,5,07/09/2026,3098.28,False,"<b>This</b> is <i><a href=""https://www.tmssoftware.com/site/tmsfncuipack-grid.asp"">HTML link</a></i>"
Deliveries,Description 58,10,25/07/2025,5431.98,False,"<b>This</b> is <i><a href=""https://www.tmssoftware.com/site/tmsfncuipack-grid.asp"">HTML link</a></i>"
Deliveries,Description 56,9,15/07/2026,7546.92,True,"<b>This</b> is <i><a href=""https://www.tmssoftware.com/site/tmsfncuipack-grid.asp"">HTML link</a></i>"
Administrative,Description 12,6,28/03/2025,5797.70,True,"<b>This</b> is <i><a href=""https://www.tmssoftware.com/site/tmsfncuipack-grid.asp"">HTML link</a></i>"
Administrative,Description 84,5,19/08/2026,2133.23,False,"<b>This</b> is <i><a href=""https://www.tmssoftware.com/site/tmsfncuipack-grid.asp"">HTML link</a></i>"
Human resources,Description 11,9,12/03/2025,774.67,True,"<b>This</b> is <i><a href=""https://www.tmssoftware.com/site/tmsfncuipack-grid.asp"">HTML link</a></i>"
Deliveries,Description 98,8,17/02/2025,9687.65,False,"<b>This</b> is <i><a href=""https://www.tmssoftware.com/site/tmsfncuipack-grid.asp"">HTML link</a></i>"
Human resources,Description 87,3,06/12/2025,4926.52,True,"<b>This</b> is <i><a href=""https://www.tmssoftware.com/site/tmsfncuipack-grid.asp"">HTML link</a></i>"
Human resources,Description 10,7,11/07/2025,5196.59,False,"<b>This</b> is <i><a href=""https://www.tmssoftware.com/site/tmsfncuipack-grid.asp"">HTML link</a></i>"
logistics,Description 34,8,20/10/2026,4917.50,False,"<b>This</b> is <i><a href=""https://www.tmssoftware.com/site/tmsfncuipack-grid.asp"">HTML link</a></i>"
Financial,Description 5,4,18/02/2026,186.80,True,"<b>This</b> is <i><a href=""https://www.tmssoftware.com/site/tmsfncuipack-grid.asp"">HTML link</a></i>"
logistics,Description 64,7,28/05/2026,4084.06,False,"<b>This</b> is <i><a href=""https://www.tmssoftware.com/site/tmsfncuipack-grid.asp"">HTML link</a></i>"
logistics,Description 89,9,14/09/2026,4095.21,False,"<b>This</b> is <i><a href=""https://www.tmssoftware.com/site/tmsfncuipack-grid.asp"">HTML link</a></i>"
logistics,Description 67,3,22/10/2025,2502.64,False,"<b>This</b> is <i><a href=""https://www.tmssoftware.com/site/tmsfncuipack-grid.asp"">HTML link</a></i>"
Human resources,Description 53,3,07/02/2026,7382.18,True,"<b>This</b> is <i><a href=""https://www.tmssoftware.com/site/tmsfncuipack-grid.asp"">HTML link</a></i>"
Administrative,Description 48,3,12/08/2025,1642.09,True,"<b>This</b> is <i><a href=""https://www.tmssoftware.com/site/tmsfncuipack-grid.asp"">HTML link</a></i>"
Financial,Description 11,3,25/09/2026,9709.70,False,"<b>This</b> is <i><a href=""https://www.tmssoftware.com/site/tmsfncuipack-grid.asp"">HTML link</a></i>"
Administrative,Description 68,3,05/06/2025,465.89,True,"<b>This</b> is <i><a href=""https://www.tmssoftware.com/site/tmsfncuipack-grid.asp"">HTML link</a></i>"
Deliveries,Description 98,9,12/09/2025,500.45,False,"<b>This</b> is <i><a href=""https://www.tmssoftware.com/site/tmsfncuipack-grid.asp"">HTML link</a></i>"
Financial,Description 39,2,13/08/2025,1071.26,False,"<b>This</b> is <i><a href=""https://www.tmssoftware.com/site/tmsfncuipack-grid.asp"">HTML link</a></i>"
Human resources,Description 42,5,07/06/2026,4780.70,False,"<b>This</b> is <i><a href=""https://www.tmssoftware.com/site/tmsfncuipack-grid.asp"">HTML link</a></i>"
Deliveries,Description 68,1,27/01/2026,8840.14,True,"<b>This</b> is <i><a href=""https://www.tmssoftware.com/site/tmsfncuipack-grid.asp"">HTML link</a></i>"
Deliveries,Description 68,2,29/01/2026,6919.96,True,"<b>This</b> is <i><a href=""https://www.tmssoftware.com/site/tmsfncuipack-grid.asp"">HTML link</a></i>"
Deliveries,Description 19,8,05/08/2025,4001.11,True,"<b>This</b> is <i><a href=""https://www.tmssoftware.com/site/tmsfncuipack-grid.asp"">HTML link</a></i>"
Financial,Description 19,6,07/12/2025,518.35,True,"<b>This</b> is <i><a href=""https://www.tmssoftware.com/site/tmsfncuipack-grid.asp"">HTML link</a></i>"
Human resources,Description 52,8,23/11/2026,5874.58,True,"<b>This</b> is <i><a href=""https://www.tmssoftware.com/site/tmsfncuipack-grid.asp"">HTML link</a></i>"
logistics,Description 63,3,08/01/2026,288.67,False,"<b>This</b> is <i><a href=""https://www.tmssoftware.com/site/tmsfncuipack-grid.asp"">HTML link</a></i>"
Financial,Description 6,2,10/01/2026,3750.73,False,"<b>This</b> is <i><a href=""https://www.tmssoftware.com/site/tmsfncuipack-grid.asp"">HTML link</a></i>"
Deliveries,Description 31,6,04/06/2026,5359.95,True,"<b>This</b> is <i><a href=""https://www.tmssoftware.com/site/tmsfncuipack-grid.asp"">HTML link</a></i>"
Human resources,Description 72,9,08/05/2025,8341.68,False,"<b>This</b> is <i><a href=""https://www.tmssoftware.com/site/tmsfncuipack-grid.asp"">HTML link</a></i>"
Human resources,Description 40,9,14/06/2025,2517.75,True,"<b>This</b> is <i><a href=""https://www.tmssoftware.com/site/tmsfncuipack-grid.asp"">HTML link</a></i>"
Financial,Description 86,7,05/07/2026,747.16,True,"<b>This</b> is <i><a href=""https://www.tmssoftware.com/site/tmsfncuipack-grid.asp"">HTML link</a></i>"
Human resources,Description 85,1,13/09/2025,5115.90,True,"<b>This</b> is <i><a href=""https://www.tmssoftware.com/site/tmsfncuipack-grid.asp"">HTML link</a></i>"
Deliveries,Description 35,3,09/05/2025,2811.58,False,"<b>This</b> is <i><a href=""https://www.tmssoftware.com/site/tmsfncuipack-grid.asp"">HTML link</a></i>"
logistics,Description 93,3,13/05/2026,7772.16,True,"<b>This</b> is <i><a href=""https://www.tmssoftware.com/site/tmsfncuipack-grid.asp"">HTML link</a></i>"
Financial,Description 100,2,06/12/2025,9168.33,False,"<b>This</b> is <i><a href=""https://www.tmssoftware.com/site/tmsfncuipack-grid.asp"">HTML link</a></i>"
logistics,Description 89,8,25/02/2025,6258.35,False,"<b>This</b> is <i><a href=""https://www.tmssoftware.com/site/tmsfncuipack-grid.asp"">HTML link</a></i>"
Deliveries,Description 94,9,07/04/2025,7347.54,False,"<b>This</b> is <i><a href=""https://www.tmssoftware.com/site/tmsfncuipack-grid.asp"">HTML link</a></i>"
Human resources,Description 43,3,31/10/2026,7593.70,False,"<b>This</b> is <i><a href=""https://www.tmssoftware.com/site/tmsfncuipack-grid.asp"">HTML link</a></i>"
logistics,Description 38,7,06/01/2026,9745.19,False,"<b>This</b> is <i><a href=""https://www.tmssoftware.com/site/tmsfncuipack-grid.asp"">HTML link</a></i>"
Financial,Description 11,3,17/12/2026,7371.19,False,"<b>This</b> is <i><a href=""https://www.tmssoftware.com/site/tmsfncuipack-grid.asp"">HTML link</a></i>"
Administrative,Description 21,1,25/03/2026,1317.25,True,"<b>This</b> is <i><a href=""https://www.tmssoftware.com/site/tmsfncuipack-grid.asp"">HTML link</a></i>"
Deliveries,Description 63,9,25/05/2026,5478.12,False,"<b>This</b> is <i><a href=""https://www.tmssoftware.com/site/tmsfncuipack-grid.asp"">HTML link</a></i>"
Administrative,Description 93,3,03/11/2025,1199.69,False,"<b>This</b> is <i><a href=""https://www.tmssoftware.com/site/tmsfncuipack-grid.asp"">HTML link</a></i>"
logistics,Description 48,9,28/04/2026,2898.03,False,"<b>This</b> is <i><a href=""https://www.tmssoftware.com/site/tmsfncuipack-grid.asp"">HTML link</a></i>"
Administrative,Description 76,8,15/05/2026,6510.07,False,"<b>This</b> is <i><a href=""https://www.tmssoftware.com/site/tmsfncuipack-grid.asp"">HTML link</a></i>"
